KodePelabuhan,NamaPelabuhan,LokasiPelabuhan,UnitKerja,AlamatKantor
AAT,Adaut,MALUKU TENGGARA BARAT,KUPP KELAS II SAUMLAKI,Jl.Pelabuhan Saumlaki Kec. Tanibar Selatan Kab. Saumlaki Maluku 97762
AAU,Atapupu,BELU,KUPP KELAS II ATAPUPU,Jl. Pelabuhan No. 1 Atapupu Nusa Tenggara Timur
ABA,Air Buaya,BURU,KUPP KELAS II NAMLEA,Jl.Dermaga Pelabuhan Namlea Kabupaten Buru Maluku 97571
ABL,Ambalau,BURU SELATAN,KUPP KELAS III NAMROLE,Jl. Komp. Pelabuhan Leksula; Kec. Leksula Kab. Buru Selatan - Ambon Maluku 97573
ABS,Air Bangis,PASAMAN BARAT,KSOP KELAS II TELUK BAYUR,Jl. Tanjung Priok No. 4 Teluk Bayur Sumatera Barat 25217
AEA,Probolinggo,PROBOLINGGO,KSOP KELAS IV PROBOLINGGO,-
AGS,Agats,ASMAT,KUPP KELAS III AGATS,Jl. Pelabuhan Baru No. 1 Agats Kab. Asmat Papua
AGU,Awerange/Barru,LUWU TIMUR,UPP KELAS III AWARENGE/BARRU,Jl. Pelabuhan No.57 Awarenge Kab. Barru Sulawesi Selatan 90752
AHI,Amahai,MALUKU TENGAH,UPP KELAS III AMAHAI,Jl. Christina Martha Tiahahu Komp. Pelabuhan Amahai Maluku 97511
ALO,Anyer Lor,SERANG,KUPP KELAS III ANYER LOR,SERANG
AMA,Amamapare,MIMIKA,KUPP KELAS II AMAMAPARE,Komp. Pelabuhan Amamapare Timika Papua 99900
AMP,Ampenan,LOMBOK BARAT,KUPP KELAS III PAMENANG/TANJUNG,LOMBOK BARAT
AMQ,Ambon,KOTA AMBON,KSOP KELAS I AMBON,Jl.Yos Komp.Pelabuhan Ambon Maluku 97126
ANS,Ansus,KEPULAUAN YAPEN,KUPP KELAS II SERUI,Jl. Moh. Hatta No. 2 Serui Papua 98201
APN,Ampana,TOJO UNA-UNA,KUPP KELAS III AMPANA,Jl. Yos Sudarso No. 25 Ampana Sulteng 94683
APU,Pasapuat,KEPULAUAN MENTAWAI,KUPP KELAS III SIKAKAP,MENTAWAI
ARE,Pare-Pare,KOTA PARE-PARE,KSOP KELAS III PARE-PARE,Jl.Tarakan; Komplek Pelabuhan Cappa Ujung Parepare Sulawesi Selatan 91112
ASG,Arwala / Sutilarang,MALUKU BARAT DAYA,UPP KELAS III WONRELI,Jl. Pelabuhan Wonreli Maluku 97653
ASI,Asiki,BOVEN DIGUL,KSOP KELAS IV MERAUKE,Jl. Sabang No. 312 Merauke - Papua 99613
ASM,Mangga Dua,KOTA TERNATE,KSOP KELAS II TERNATE,Jl. Jend. Ahmad Yani Kompleks Pelabuhan Ahmad Yani Ternate Maluku Utara 97724
ASO,Pasokan,TOJO UNA-UNA,KUPP KELAS III AMPANA,Jl. Yos Sudarso No. 25 Ampana Sulteng 94683
ATY,Atsy,ASMAT,KUPP KELAS III AGATS,Jl. Pelabuhan Baru No. 1 Agats Kab. Asmat Papua
AUG,Amurang,MINAHASA SELATAN,UPP KELAS III LIKUPANG,Jl. Raya Manado Likupang Sulawesi Utara 95375
AYU,Pasangkayu,MAMUJU UTARA,KUPP KELAS III BELANG-BELANG,Jl. Pelabuhan Sumatera No. 3 Belang-belang Sulbar 91561
BAA,Baranusa,ALOR,KUPP KELAS III BARANUSA,Jl.Komp. Pelabuhan Baranusa Nusa Tenggara Timur
BAD,Badas,SUMBAWA,KSOP KELAS IV BADAS,Jl. Raya Pelabuhan Badas Sumbawa Besar Nusa Tenggara Barat 84351
BAE,Bajoe,BONE,KUPP KELAS II BAJOE,Jl. Pelabuhan No.21 Bajoe Kab. Bone Sulsel 92781 Telp. 0481-21436; Fax. 0481-2911962 upp.bajoe@dephub.go.id
BAG,Baing,SUMBA TIMUR,KSOP KELAS IV WAINGAPU,Jl. Nangamesi No. 11 Waingapu Nusa Tenggara Timur 87110
BAT,Bataka,HALMAHERA BARAT,KUPP KELAS III JAILOLO,Jl. Pelabuhan jailolo Kab. Halmahera Barat; Maluku Utara 97752
BBE,Bulukumba/Lappe'e,BULUKUMBA,KUPP KELAS II BULUKUMBA,Jl. Pelabuhan Leppe'e No. 1 Bulu Kumba Sulsel 92511
BBG,Babang,HALMAHERA SELATAN,KUPP KELAS II LABUHA/BABANG,Jl.Pelabuhan No. 25 Desa Babang Kec. Bacan Timur 97791
BBI,Banabungi Pasarwajo,BUTON,KUPP KELAS I BAU-BAU,Jl. Yos Sudarso No. 5 Kel. Wale Kec. Wolio Kota Baubau Provinsi Sultra 93711
BBM,Bau-Bau/Murhum,KOTA BAU-BAU,KUPP KELAS I BAU-BAU,Jl. Yos Sudarso No. 5 Kel. Wale Kec. Wolio Kota Baubau Provinsi Sultra 93711
BBN,Bumbulan,POHUWATO,UPP KELAS III TILAMUTA,Jl. Pelabuhan No. 106 Kec. Tilamuta Kab. Boalemo Gorontalo 96263
BBU,Biu,SABU RAIJUA,KUPP KELAS III SEBA,Jl. Pelabuhan No. 01 Kec.Sabu Barat Kab.Seburaijua Seba Nusa Tenggara Timur
BCI,Bicoli,HALMAHERA TIMUR,KUPP KELAS III BULI,Jl;. Pelabuhan Buli Kec. Maba Kab. Halmahera Malut
BDG,Budong-Budong,MAMUJU,KUPP KELAS III BELANG-BELANG,Jl. Pelabuhan Sumatera No. 3 Belang-belang Sulbar 91561
BDJ,Banjarmasin,KOTA BANJARMASIN,KSOP KELAS I BANJARMASIN,Jl. Duyung Raya Komp. Lumba-lumba No. 45 Banjarmasin Kalimantan Selatan 70119
BEE,Bere - Bere,PULAU MOROTAI,KUPP KELAS III DARUBA,Jl. Komp. Pelabuhan Imam Lastori Kab. Pulau Morotai Prov. Malut 97771
BEL,Belang-Belang,MAMUJU,KUPP KELAS III BELANG-BELANG,Jl. Pelabuhan Sumatera No. 3 Belang-belang Sulbar 91561
BEN,Benete,SUMBAWA BARAT,KUPP KELAS II BENETE,Jl. Pelabuhan Benete Kec.Maluku Kab. Sumbawa Barat Nusa Tenggara Barat 84357
BEO,Beo,KEPULAUAN TALAUD,KUPP KELAS III MELONGUANE,Jl Komp. Pelabuhan Lirung Kec. Lirung Kab. Talaud; Lirung Sulawesi Utara 95871
BGA,Bojonegara,SERANG,KUPP KELAS III BOJONEGARA,SERANG
BGG,Banggai,BANGGAI KEPULAUAN,KUPP KELAS II BANGGAI,Jl. Komp. Pelabuhan Banggai Kab. Banggai Kepulauan Sulteng 94791
BGN,Bantaeng,JENEPONTO,KUPP KELAS III JENEPONTO,Jl. Dermaga Desa Bungeng Kec. Batang Kab. Jeneponto Sulsel 92361
BHS,Buhias,SITARO,KUPP KELAS III ULU SIAU,Jl. Komp. Pelabuhan Ulu Siau Kel. Tatahadeng Kec. Siau Timur Kep. Tagulandang; Biaro Sultra 95861
BIG,Bastiong,KOTA TERNATE,KSOP KELAS II TERNATE,Jl. Jend. Ahmad Yani Kompleks Pelabuhan Ahmad Yani Ternate Maluku Utara 97724
BIK,Biak,BIAK NUMFOR,KSOP KELAS III BIAK,Jl.Jendral Sudirman No. 53 Biak Papua 98115
BIT,Bitung,KOTA BITUNG,KSOP KELAS II BITUNG,Jl. Ir. Soekarno No. 4 Bitung Sulawesi Utara 95225
BJU,Tanjung Wangi,BANYUWANGI,KSOP MENENG/TANJUNG WANGI,-
BKE,Bukide,KEPULAUAN SANGIHE,KUPP KELAS II TAHUNA,Jl.Pelabuhan Tahuna No.1 Kab .Kepl.Sangihe Tahuna Sulawesi Utara 95851
BKI,Bengkalis,BENGKALIS,KSOP KELAS IV BENGKALIS,Jl. A. Yani No. 5 Rt. 01/Rw. 01 Bengkalis - Riau 28712
BKS,Pulau Baai,BENGKULU,KSOP KELAS III PULAU BAAI,Jl. Ir. Rustandi Sugianto Pulau Baai Bengkulu 38216
BLA,Bula,SERAM BAGIAN TIMUR,KUPP KELAS III BULA,Jl. Pelabuhan Teluk Hatiling Wahai Maluku 97557
BLG,Belang,MINAHASA TENGGARA,UPP KELAS III LIKUPANG,Jl. Raya Manado Likupang Sulawesi Utara 95375
BLT,Manggar,BELITUNG TIMUR,KUPP KELAS III MANGGAR,Jl. Jend. Sudirman No. 74 Rt.27
BLU,Belinyu,BANGKA,KSOP KELAS IV PANGKAL BALAM,-
BLW,Belawan,KOTA MEDAN,OP UTAMA BELAWAN,JL. Suar No. 1 Pelabuhan Belawan Medan; Sumut - 20411
BLY,Buli,HALMAHERA TIMUR,KUPP KELAS III BULI,Jl;. Pelabuhan Buli Kec. Maba Kab. Halmahera Malut
BMU,Bima,BIMA,KSOP KELAS IV BIMA,Jl. Martadinata No. 1 Bima - Nusa Tenggara Barat 84114
BNA,Benjina,KEPULAUAN ARU,KUPP KELAS II DOBO,Jl.Pelabuhan No. 3 Dobo Maluku 97662
BNO,Banemo,HALMAHERA TENGAH,KUPP KELAS III PULAU GEBE/WEDA,Jl. Pulau Fao Kec. Pilau Gebe Kab. Halmahera Tengah Komp. Pelabuhan Gebe; Malut
BNQ,Brondong,LAMONGAN,UPP KELAS III BRONDONG,Jl. Pelabuhan No. 1 Sedayulawas Kec. Brondong Lamongan; Jawa Timur - 662814
BNU,Bungku,MOROWALI,UPP KELAS III KOLONEDALE,Jl. Pelabuhan No. 1 Kolonedale Sulteng 94671
BOA,Benoa,KOTA DENPASAR,KSOP KELAS II BENOA,Jl. Raya Pelabuhan Benoa; Denpasar Bali 80223
BOK,Binongko,KOTA BAU-BAU,KUPP KELAS I BAU-BAU,Jl. Yos Sudarso No. 5 Kel. Wale Kec. Wolio Kota Baubau Provinsi Sultra 93711
BOR,Bonerate,LUWU UTARA,KUPP KELAS III JAMPEA,Jl. Pelabuhan No. 1 Benteng Jampea Sulsel
BPA,Batu Panjang,BENGKALIS,KUPP KELAS III BATU PANJANG,BENGKALIS
BPN,Balikpapan,KOTA BALIKPAPAN,KSOP KELAS I BALIKPAPAN,Jl. Yos Sudarso No. 1 Balikpapan Kalimantan Timur 76111
BRE,Brebes,BREBES,KUPP KELAS III BREBES,BREBES
BRG,Balauring,LEMBATA,KUPP KELAS II LARANTUKA,Flores Timus-Nusa Tenggara Timur
BRO,Baa,ROTENDAO,KUPP KELAS III BAA,Jl. Pelabuhan No. 1 Ba'a - Rote NTT
BRS,Barus,TAPANULI TENGAH,KUPP KELAS III BARUS,Jl. Yos Sudarso No. 02 Kel. Pasar Batu Grigis Barus; Kab. Tapanuli Tengah Sumatera Utara 22564
BSI,Bisui,HALMAHERA SELATAN,KUPP KELAS II LABUHA/BABANG,Jl.Pelabuhan No. 25 Desa Babang Kec. Bacan Timur 97791
BSO,Biringkasi,PANGKAJENE KEPULAUAN,KUPP KELAS II MACCINI BAJI,Jl. Pelabuhan BiringKasie Pengkeb Sulsel 90651
BTA,Batutua,ROTENDAO,KUPP KELAS III BAA,Jl. Pelabuhan No. 1 Ba'a - Rote NTT
BTG,Batang,BATANG,KUPP KELAS III BATANG,BATANG
BTS,Batu Atas,BUTON,KUPP KELAS I BAU-BAU,Jl. Yos Sudarso No. 5 Kel. Wale Kec. Wolio Kota Baubau Provinsi Sultra 93711
BTU,Binanatu,SUMBA BARAT,KUPP KELAS III WAIKELO,Jl. Waikelo Kec. Luara Kab. Sumba Barat Waikelo; Nusa Tenggara Timur - 87254
BUB,Baturube,MOROWALI,UPP KELAS III KOLONEDALE,Jl. Pelabuhan No. 1 Kolonedale Sulteng 94671
BUD,Bunta,BANGGAI,KUPP KELAS III BUNTA,Jl. RA. Kartini No. 42 Bunta Sulteng 94753
BUG,Sangsit,BULELENG,KUPP KELAS III BULELENG,Jl. Pabean Sangsit Singaraja Buleleng; Bali - 81171
BUH,Batu Merah,KOTA AMBON,KSOP KELAS I AMBON,Jl.Yos Komp.Pelabuhan Ambon Maluku 97126
BUM,Batu Enam,ROKAN HILIR,KUPP KELAS III SINABOI,BENGKALIS
BUR,Batam/Batu Ampar,KOTA BATAM,KSOP KELAS III BATAM (KANPEL BATAM),Batam
BUS,Busua,HALMAHERA SELATAN,KUPP KELAS II LABUHA/BABANG,Jl.Pelabuhan No. 25 Desa Babang Kec. Bacan Timur 97791
BUT,Tanjung Buton,SIAK,KSOP KELAS III SUNGAI PAKNING,bengkalis
BWB,Banyu Wangi/ Boom,BANYUWANGI,KUPP KELAS III KETAPANG,Jl. Jend. Gatot Subroto No. 2 Komplek Pelabuhan LCM Ketapang Banyuwangi Jawa Timur - 68401
BWN,Bawean,GRESIK,KUPP KELAS III SANGKAPURA/BAWEAN,Jl Beringinan No. 1 Sangka Pura Jawa Timur 61181
BXD,Bade,MAPPI,KUPP KELAS III BADE,Jl. Pelita No. 32 Distrik Edera; Bade Kab. Mappi-Papua 99653
BYG,Batu Goyang,KEPULAUAN ARU,KUPP KELAS II DOBO,Jl.Pelabuhan No. 3 Dobo Maluku 97662
BYK,Pulau Banyak,ACEH SINGKIL,KUPP KELAS III SINGKIL,Jl. Utama No. 20 Pulo Sarok Singkil; Kab. Aceh Singkil 24785
BYN,Bayun,ASMAT,KUPP KELAS III AGATS,Jl. Pelabuhan Baru No. 1 Agats Kab. Asmat Papua
BYQ,Bunyu,,KUPP KELAS III PULAU BUNYU,Jl. Dermaga No. 2 Pulau Bunyu Kec. Bunyu Kab. Bulungan; Kalimantan Utara 77181
CBN,Cirebon,CIREBON,KSOP KELAS II CIREBON,Jl. Donggala No. 3 Cirebon Jawa Barat 45112
CEB,Celukan Bawang,BULELENG,KSOP KELAS IV CELUKAN BAWANG,Jl. Pelabuhan No. 36 Celukan Bawang Bali 81155
CLG,Calang,ACEH JAYA,KUPP KELAS III CALANG,Jl. Pelabuhan No. 9 Calang Kab Aceh Java Nanggroe Aceh Darussalam 23654 Telp.0654-2210219; Fax. 0654-7000890 Email : upp.calang@gmail.com / uppcalang@dephub.go.id
CLI,Calabai,DOMPU,KUPP KELAS III CALABAI,Jl. Raya Pelabuhan Calabahi; Kab. Dompu PO.BOX. 123 Dompu Nusa Tenggara Barat 84200
CON,Carocok Painan,PESISIR SELATAN,KSOP KELAS II TELUK BAYUR,Jl. Tanjung Priok No. 4 Teluk Bayur Sumatera Barat 25217
CRI,Carik,LOMBOK UTARA,KUPP KELAS II PEMENANG/ TANJUNG,Jl. Pariwisata Gili Indah Pemenang Kab. Lombok Utara; Pemenang NTB 83352
CTS,Cituis,TANGERANG,KUPP KELAS III KARANGANTU,SERANG
CXP,Cilacap,CILACAP,KSOP KELAS II CILACAP,Jl. Niaga No. 9 Cilacap Jawa Tengah 53213
DAA,Dama,HALMAHERA UTARA,KUPP KELAS I TOBELO,Jl. Pelabuhan No.1 Tobelo Kab. Halmahera Utara Prov. Maluku Utara
DAI,Dawai,KEPULAUAN YAPEN,KUPP KELAS II SERUI,Jl. Moh. Hatta No. 2 Serui Papua 98201
DAN,Sukadana,KOTA SINGKAWANG,KUPP KELAS III TELUK MELANO,Jl. Gusti Aplos No. 93 Rt.8/Rw;III Kalbar 78853
DAR,Dawera/Dawelor,MALUKU BARAT DAYA,KUPP KELAS II SAUMLAKI,Jl.Pelabuhan Saumlaki Kec. Tanibar Selatan Kab. Saumlaki Maluku 97762
DAS,Dabo Singkep,LINGGA,KUPP KELAS III DABO SINGKEP,DABO SINGKEP - KEPULAUAN RIAU
DJJ,Jayapura,JAYAPURA,KSOP KELAS II JAYAPURA,JL.Koti No;9 Jayapura 99221
DMK,Dompak,KOTA TANJUNG PINANG,KSOP KELAS II TANJUNG PINANG,Jl. SM. Amin No. 18 Kota Tanjung Pinang Kepulauan Riau 29111 Telp/Fax. 0771-21014 ksoptanjungpinang@dephub.go.id
DMR,Damar,MALUKU BARAT DAYA,KUPP KELAS II SAUMLAKI,Jl.Pelabuhan Saumlaki Kec. Tanibar Selatan Kab. Saumlaki Maluku 97762
DNA,Teluk Palu,DONGGALA,KSOP KELAS II TELUK PALUXXXXX,Jl. Mutiara No.4 Donggala
DOB,Dobo,KEPULAUAN ARU,KUPP KELAS II DOBO,Jl.Pelabuhan No. 3 Dobo Maluku 97662
DOF,Dofa,KEPULAUAN SULA,KUPP KELAS II SANANA,Jl.Komplek Pelabuhan Sanana Maluku Utara 97795
DOU,Dorosagu,HALMAHERA TIMUR,KUPP KELAS III BULI,Jl;. Pelabuhan Buli Kec. Maba Kab. Halmahera Malut
DPE,Depapre,JAYAPURA,KSOP KELAS II JAYAPURA,JL.Koti No;9 Jayapura 99221
DPN,Dapalan,KEPULAUAN TALAUD,KUPP KELAS III MELONGUANE,Jl Komp. Pelabuhan Lirung Kec. Lirung Kab. Talaud; Lirung Sulawesi Utara 95871
DRA,Daruba,PULAU MOROTAI,KUPP KELAS III DARUBA,Jl. Komp. Pelabuhan Imam Lastori Kab. Pulau Morotai Prov. Malut 97771
DRE,Darume,HALMAHERA UTARA,KUPP KELAS I TOBELO,Jl. Pelabuhan No.1 Tobelo Kab. Halmahera Utara Prov. Maluku Utara
DUM,Dumai,KOTA DUMAI,KSOP KELAS I DUMAI,Jl. Yos Sudarso No. 9 Dumai Riau 28814
DWD,Dawi-dawi,KOLAKA,KUPP KELAS III POMALAA,Jl.Protokol No1 Pomala; Kab. Kolaka Prov. Sulawesi Tenggara 93562 (0405) 310241
EEI,Eci,MAPPI,KUPP KELAS III BADE,Jl. Pelita No. 32 Distrik Edera; Bade Kab. Mappi-Papua 99653
EGU,Segun,SORONG SELATAN,KUPP KELAS III TAMINABUAN,Jl. Pelabuhan Teminibuan Kab. Sorang Selatan Papua Barat
ELT,Elat,MALUKU TENGGARA,KUPP KELAS II TUAL,Jl.Pidnang Armau No1 Komp.Pelabuhan Tual Maluku 97613
ENE,Ende,ENDE,KSOP KELAS IV ENDE,Jl. Adi Sucipto Ippi Ende NTT 86316
ENO,Kuala Enok,INDRAGIRI HILIR,KSOP KELAS IV KUALA ENOK,riau
ERE,Ereke,BUTON UTARA,KUPP KELAS II RAHA,Jl. Pelabuhan No. 1 Raha Sulawesi Tenggara 93611
ERY,Eray,MALUKU BARAT DAYA,UPP KELAS III WONRELI,Jl. Pelabuhan Wonreli Maluku 97653
ESG,Essang,KEPULAUAN TALAUD,KUPP KELAS III MELONGUANE,Jl Komp. Pelabuhan Lirung Kec. Lirung Kab. Talaud; Lirung Sulawesi Utara 95871
FAI,Fani,RAJA AMPAT,KUPP KELAS II RAJA AMPAT,Jl. Trikora No. 19 Saonek Kab. Raja Ampat Prov. Papua Barat
FKQ,Fak-fak,FAKFAK,KSOP KELAS V FAK-FAK,Jl.Izak Telussa No.1 Fak Fak Papua Barat 98611
FOI,Fogi,BURU SELATAN,KUPP KELAS III NAMROLE,Jl. Komp. Pelabuhan Leksula; Kec. Leksula Kab. Buru Selatan - Ambon Maluku 97573
FTA,Falabisahaya,KEPULAUAN SULA,KUPP KELAS II SANANA,Jl.Komplek Pelabuhan Sanana Maluku Utara 97795
GEG,Giliketapang,PROBOLINGGO,KSOP KELAS IV PROBOLINGGO,-
GER,Geser,SERAM BAGIAN TIMUR,KUPP KELAS III GESER,Jl. Pelabuhan Geser; Seram Bagian Timur- Maluku 97594
GGR,Galesong,JENEPONTO,KUPP KELAS III JENEPONTO,Jl. Dermaga Desa Bungeng Kec. Batang Kab. Jeneponto Sulsel 92361
GIL,Gilimanuk,JEMBRANA,KUPP KELAS II GILIMANUK,Jl. Parkir Manauver No. 5 Gilimanuk Kab. Jembrana; Bali - 82253
GLX,Galela,HALMAHERA UTARA,KUPP KELAS I TOBELO,Jl. Pelabuhan No.1 Tobelo Kab. Halmahera Utara Prov. Maluku Utara
GMM,Manu/Gamumu,HALMAHERA SELATAN,KUPP KELAS II LABUHA/BABANG,Jl.Pelabuhan No. 25 Desa Babang Kec. Bacan Timur 97791
GMR,Gorom,SERAM BAGIAN TIMUR,UPP KELAS III AMAHAI,Jl. Christina Martha Tiahahu Komp. Pelabuhan Amahai Maluku 97511
GNG,Garongkong,BARRU,UPP KELAS III AWARENGE/BARRU,Jl. Pelabuhan No.57 Awarenge Kab. Barru Sulawesi Selatan 90752
GNN,Glimandangin,SAMPANG,UPP KELAS II BRANTA,Jl. Pelabuhan Branta No. 1; Tlanakan Pamekasan - 69371
GNS,Gunung Sitoli,KOTA GUNUNGSITOLI,KSOP KELAS IV SITOLI,Jl. Yos Sudarso No. 194 Km. 2 Pelabuhan Angin Gunung Sitoli Sumatera Utara 22812
GRE,Gresik,GRESIK,KSOP KELAS II GRESIK,Jl. Yos Sudarso No. 36 Gresik Jawa Timur 61114
GRY,Talaga Raya,BUTON,KUPP KELAS I BAU-BAU,Jl. Yos Sudarso No. 5 Kel. Wale Kec. Wolio Kota Baubau Provinsi Sultra 93711
GTO,Gorontalo,GORONTALO,KSOP KELAS III GORONTALO,Jl.Manyor Dullah Kota Gorontalo .Gorontalo 96118
HUU,Hatu Piru,SERAM BAGIAN BARAT,KUPP KELAS III KAIRATU,Jl. Kompleks PT. IMJ; Waisarisa Maluku
IAU,amahaii,MALUKU TENGAH,UPP KELAS III AMAHAI,Jl. Christina Martha Tiahahu Komp. Pelabuhan Amahai Maluku 97511
IBG,Boipinang,KOLAKA,KUPP KELAS III POMALAA,Jl.Protokol No1 Pomala; Kab. Kolaka Prov. Sulawesi Tenggara 93562 (0405) 310241
IBI,Bagan siapi-api,ROKAN HILIR,KSOP KELAS IV BAGAN SIAPI-API,Jl. Syahbandar No. 4/B Bagan Siapiapi Telp. 0767-21264; Fax. 0767-23150 adpelbagansiapiapi@yahoo.com
IBJ,Bintuhan/Linau,KAUR,KUPP KELAS II LINAU/BINTUHAN,Jl. Pelabuhan Linau Bintuhan Kab. Kaur Bengkulu 38565
IBL,Buano,SERAM BAGIAN BARAT,KUPP KELAS III KAIRATU,Jl. Kompleks PT. IMJ; Waisarisa Maluku
IBM,Batanjung,KAPUAS,KSOP KELAS IV PULANG PISAU,Jl. Samudera No. 137 Rt. XIII Pulang Pisau Kalimantan Tengah 73561
IBP,Banten/Cigading,KOTA CILEGON,KSOP KELAS I BANTEN,Jl. Yos Sudarso No. 120 Merak Banten 42438
IBQ,Bemo,SERAM BAGIAN TIMUR,UPP KELAS III AMAHAI,Jl. Christina Martha Tiahahu Komp. Pelabuhan Amahai Maluku 97511
IBS,Biaro,KEPULAUAN SANGIHE,KUPP KELAS III ULU SIAU,Jl. Komp. Pelabuhan Ulu Siau Kel. Tatahadeng Kec. Siau Timur Kep. Tagulandang; Biaro Sultra 95861
IBX,Bagan Asahan,ASAHAN,KSOP KELAS IV TANJUNG BALAI ASAHAN,Jl. Pelabuhan Teluk Nibung 21351
IGY,Gudang Arang,KOTA AMBON,KSOP KELAS I AMBON,Jl.Yos Komp.Pelabuhan Ambon Maluku 97126
IIA,Indari,HALMAHERA SELATAN,KUPP KELAS II LABUHA/BABANG,Jl.Pelabuhan No. 25 Desa Babang Kec. Bacan Timur 97791
IIH,Bulaa,MALUKU TENGAH,KUPP KELAS III BULA,Jl. Pelabuhan Teluk Hatiling Wahai Maluku 97557
III,Idi,ACEH TIMUR,KUPP KELAS III IDI,Jl.Petua Husen Komp. Pelabuhan No.1 Kec Idie Rayeuk Kab Aceh Timur 24454
IKD,Kotabunan,BOLAANG MONGONDO,KUPP KELAS III KOTABUNAN,Jl. Komp. Pelabuhan Kotabaru Kec. Kotabunan Kab. Bomlang Kotabunan Sulut 95782
IKL,Ketapang,SUMENEP,KUPP KELAS III KETAPANG,Jl. Jend. Gatot Subroto No. 2 Komplek Pelabuhan LCM Ketapang Banyuwangi Jawa Timur - 68401
IKR,Kepulauan Seribu,KEPULAUAN SERIBU,KSOP KELAS IV KEPULAUAN SERIBU,jakarta
IKU,Korido,BIAK NUMFOR,KUPP KELAS III KORIDO,Jl. Pelabuhan No.1 Korido Supiori Selatan
ILT,lamakera,FLORES TIMUR,KUPP KELAS II LARANTUKA,Flores Timus-Nusa Tenggara Timur
IMC,Mangoli,KEPULAUAN SULA,KUPP KELAS II SANANA,Jl.Komplek Pelabuhan Sanana Maluku Utara 97795
IME,Muara Siberut/Simailepet,KEPULAUAN MENTAWAI,KUPP KELAS III MUARA SIBERUT,Kepulauan Mentawai-Sumatera Barat
IMG,Mantangisi,TOJO UNA-UNA,KUPP KELAS III AMPANA,Jl. Yos Sudarso No. 25 Ampana Sulteng 94683
IMH,Melonguane,KEPULAUAN SANGIHE,KUPP KELAS III MELONGUANE,Jl Komp. Pelabuhan Lirung Kec. Lirung Kab. Talaud; Lirung Sulawesi Utara 95871
IML,Maloy,KUTAI TIMUR,KUPP KELAS II SANGATTA,Jl. Pelabuhan No ;6 Sangatta .Kab .Kutai Timur Kaliamntan Timur 75612
IMM,Munte/Luwu Utara,LUWU UTARA,KUPP KELAS III MALILI,Jl. Jend. Sudirman No. 16 Kec. Malili Kab. Luwu Timur Sulsel 91981
IMS,Mesuji/OKI,OGAN KOMERING ILIR,KUPP KELAS III SUNGAI LUMPUR,OGAN KOMERING ILIR
IMW,Marunda,JAKARTA UTARA,KUPP KELAS IV MARUNDA,Jl. Jayapura No. 1 KBN Marunda Cilincing Jakarta Utara 141210
ING,Boom Baru/Palembang,KOTA PALEMBANG,KSOP KELAS II PALEMBANG,Banyuasin-Sumatera Selatan
INL,Natal / Sikara-kara,MANDAILING NATAL,KUPP KELAS III BATAHAN,Mandailing Natal-Sumatera Utara
IPC,Pulau Laut,NATUNA,KUPP KELAS II TAREMPA,PASIR PANJANG - KEPULAUAN RIAU
IPI,Ippi,ENDE,KSOP KELAS IV ENDE,Jl. Adi Sucipto Ippi Ende NTT 86316
IPL,Pemalang,PEKALONGAN,KUPP KELAS II PEKALONGAN,KOTA PEKALONGAN
IPM,Poom,KEPULAUAN YAPEN,KUPP KELAS II SERUI,Jl. Moh. Hatta No. 2 Serui Papua 98201
IPW,Pawi,RAJA AMPAT,KUPP KELAS II RAJA AMPAT,Jl. Trikora No. 19 Saonek Kab. Raja Ampat Prov. Papua Barat
IPZ,Ambo,MAMUJU,KUPP KELAS I MAMUJU,Jl. Yos Sudarso No. 2 Mamuju Kab. Mamuju Sulbar 91511
IRU,Indramayu,INDRAMAYU,KUPP KELAS III INDRAMAYU,-
ISA,Seba,SABU RAIJUA,KUPP KELAS III SEBA,Jl. Pelabuhan No. 01 Kec.Sabu Barat Kab.Seburaijua Seba Nusa Tenggara Timur
ISG,Sapudi,SUMENEP,KUPP KELAS III SAPUDI,Jl. Pelabuhan No. 1 Gawam Sapudi Kab. Sumenep Madura Jawa Timur 69483
ISK,Sagea,HALMAHERA TENGAH,KUPP KELAS III PULAU GEBE/WEDA,Jl. Pulau Fao Kec. Pilau Gebe Kab. Halmahera Tengah Komp. Pelabuhan Gebe; Malut
ITF,Tanjung Tiram/Karimun,KARIMUN,KSOP KELAS I TANJUNG BALAI KARIMUN,-
ITG,Teor,MALUKU TENGAH,KUPP KELAS III GESER,Jl. Pelabuhan Geser; Seram Bagian Timur- Maluku 97594
ITI,Belitung,BELITUNG,KSOP KELAS IV TANJUNG PANDAN,Jl. Pelabuhan No. 1 Tanjung Pandan Belitung 33411
ITK,Tobilota,FLORES TIMUR,KUPP KELAS II LARANTUKA,Flores Timus-Nusa Tenggara Timur
ITL,tulehuu,MALUKU TENGAH,KUPP KELAS II TULEHU,Jl.Pelabuhan Hurmala Tulehu Maluku 97582
ITM,Tana Paser/Pondong,PASER,KUPP KELAS II TANAH GROGOT/TANA PASER,Jl. Negara ;Desa Pondong Kec;Kuaro;Kab Paser Kalimantan Timur 76211
ITN,Tanjung Uban / Teluk Sasah,KEPULAUAN RIAU,KUPP KELAS I TANJUNG UBAN,KOTA TANJUNG PINANG
ITO,Tinombo,PARIGI MOUTONG,KUPP KELAS III PARIGI,Jl. Pelabuhan Parigi No. 92 Kec. Parigi Kab. Donggala Parigi Palu Sulteng 94371
ITP,Tanjung Batu/Kotabaru,KOTA BANJAR BARU,KUPP KELAS III TANJUNG BATU,Jl. Pangeran Arga Kusuma No. 2 Kec. Kelumpang Tengah Kab. Kotabaru Tanjung Batu; Kalsel - 72164
ITS,Toyando,MALUKU TENGGARA,KUPP KELAS II TUAL,Jl.Pidnang Armau No1 Komp.Pelabuhan Tual Maluku 97613
ITV,Taddan,PAMEKASAN,UPP KELAS II BRANTA,Jl. Pelabuhan Branta No. 1; Tlanakan Pamekasan - 69371
ITW,Tepeleo/Tapaleo,HALMAHERA TENGAH,KUPP KELAS III PULAU GEBE/WEDA,Jl. Pulau Fao Kec. Pilau Gebe Kab. Halmahera Tengah Komp. Pelabuhan Gebe; Malut
IUZ,Ujung Jampea,KEPULAUAN SELAYAR,KUPP KELAS III JAMPEA,Jl. Pelabuhan No. 1 Benteng Jampea Sulsel
IWI,Ilwaki,MALUKU BARAT DAYA,UPP KELAS III WONRELI,Jl. Pelabuhan Wonreli Maluku 97653
IWN,Inawatan,SORONG SELATAN,KUPP KELAS III TAMINABUAN,Jl. Pelabuhan Teminibuan Kab. Sorang Selatan Papua Barat
JAM,Penajam Paser,KUTAI TIMUR,KUPP KELAS II TANAH GROGOT/TANA PASER,Jl. Negara ;Desa Pondong Kec;Kuaro;Kab Paser Kalimantan Timur 76211
JEO,Jeneponto,JENEPONTO,KUPP KELAS III JENEPONTO,Jl. Dermaga Desa Bungeng Kec. Batang Kab. Jeneponto Sulsel 92361
JEP,Jepara,JEPARA,KUPP KELAS II JEPARA,JEPARA
JGN,Yenggarbun,SUPIORI,KUPP KELAS III KORIDO,Jl. Pelabuhan No.1 Korido Supiori Selatan
JIO,Jailolo,HALMAHERA BARAT,KUPP KELAS III JAILOLO,Jl. Pelabuhan jailolo Kab. Halmahera Barat; Maluku Utara 97752
JNT,Jinato,PANGKAJENE KEPULAUAN,KUPP KELAS III JAMPEA,Jl. Pelabuhan No. 1 Benteng Jampea Sulsel
JWA,Juwana,PATI,KUPP KELAS III JUWANA,PATI
KAE,Kabare,RAJA AMPAT,KUPP KELAS II RAJA AMPAT,Jl. Trikora No. 19 Saonek Kab. Raja Ampat Prov. Papua Barat
KAN,Kolonedale,MOROWALI,UPP KELAS III KOLONEDALE,Jl. Pelabuhan No. 1 Kolonedale Sulteng 94671
KAO,Kawaluso,KEPULAUAN SANGIHE,KUPP KELAS II TAHUNA,Jl.Pelabuhan Tahuna No.1 Kab .Kepl.Sangihe Tahuna Sulawesi Utara 95851
KAT,Kalianget,SUMENEP,KSOP KELAS IV KALIANGET,Jl. Komplek Pelabuhan No. 02 Kalianget Sumenep Jawa Timur 69471
KAY,Kuala Jelay,SUKAMARA,KSOP KELAS IV SUKAMARA,Jl. Pelabuhan No. 14 Sukamara Kalimantan Tengah 74172
KBD,Kobisadar,MALUKU TENGAH,KUPP KELAS III BULA,Jl. Pelabuhan Teluk Hatiling Wahai Maluku 97557
KBE,Kereng Bengkirai,KOTA PALANGKA RAYA,KUPP KELAS II RANGGA ILUNG,Jl. Matal No. 18 Kereng Bengkirai Palangkaraya Kalteng 73111
KBH,Kalabahi,ALOR,KSOP KELAS IV KALABAHI,Jl. R.E Marthadinata No. 7 Komp. Pelabuhan Kalabahi - Alor NTT 85813 Telp/Fax. 0386-21417 ksop_kalabahi@dephub.go.id
KDA,Kaledupa,WAKATOBI,KUPP KELAS I BAU-BAU,Jl. Yos Sudarso No. 5 Kel. Wale Kec. Wolio Kota Baubau Provinsi Sultra 93711
KDI,Kendari,KENDARI,KSOP KELAS II KENDARI,Jl.Jendral Sudirman NO .68 Rt.01 /Rw.01 Kendari Sulawesi Tenggara 93127
KDL,Kendal,KENDAL,KSOP KELAS I TANJUNG EMAS SEMARANG,Jl. Yos Sudarso No. 30 Kel. Tanjung Emas Kec. Semarang Jateng 50174 Telp/Fax. 024-3852335 ksoptanjungemas@dephub.go.id
KDW,Kendawangan,KETAPANG,KUPP KELAS III KENDAWANGAN,Jl. Rahadi Usman No. 1 Kec. Kendawangan; Ketapang-Kalbar 788862
KEK,Kresek/Kronjo,TANGERANG,KUPP KELAS III KARANGANTU,SERANG
KEM,Kempo,DOMPU,KUPP KELAS III CALABAI,Jl. Raya Pelabuhan Calabahi; Kab. Dompu PO.BOX. 123 Dompu Nusa Tenggara Barat 84200
KGG,Karang Agung,BANYUASIN,KSOP KELAS II PALEMBANG,Banyuasin-Sumatera Selatan
KGQ,Kuala Gaung,ROKAN HILIR,KUPP KELAS III KUALA GAUNG,INDRAGIRI HILIR
KIA,Karimata,SAMBAS,KUPP KELAS III TELUK MELANO,Jl. Gusti Aplos No. 93 Rt.8/Rw;III Kalbar 78853
KIE,Kasipute,BOMBANA,KUPP KELAS III POMALAA,Jl.Protokol No1 Pomala; Kab. Kolaka Prov. Sulawesi Tenggara 93562 (0405) 310241
KII,Kotiti,HALMAHERA SELATAN,KUPP KELAS II LABUHA/BABANG,Jl.Pelabuhan No. 25 Desa Babang Kec. Bacan Timur 97791
KJA,Karimun Jawa,JEPARA,KUPP KELAS III KARIMUN JAWA,JEPARA
KKG,Kahakitang,KEPULAUAN SANGIHE,KUPP KELAS II TAHUNA,Jl.Pelabuhan Tahuna No.1 Kab .Kepl.Sangihe Tahuna Sulawesi Utara 95851
KKK,P. Kalukalukuang,BONE,KUPP KELAS II MACCINI BAJI,Jl. Pelabuhan BiringKasie Pengkeb Sulsel 90651
KKO,Kao,HALMAHERA UTARA,KUPP KELAS I TOBELO,Jl. Pelabuhan No.1 Tobelo Kab. Halmahera Utara Prov. Maluku Utara
KLM,Kalama,KEPULAUAN SANGIHE,KUPP KELAS II TAHUNA,Jl.Pelabuhan Tahuna No.1 Kab .Kepl.Sangihe Tahuna Sulawesi Utara 95851
KLT,Kalatoa,PANGKAJENE KEPULAUAN,KUPP KELAS III JAMPEA,Jl. Pelabuhan No. 1 Benteng Jampea Sulsel
KMD,Komodo,MANGGARAI BARAT,KUPP KELAS II LABUHAN BAJO,Jl. Yos Sudarso Labuan Bajo NTT 86554
KME,Kuala Mendahara,TANJUNG JABUNG TIMUR,KUPP KELAS III MENDAHARA,-
KND,Kalianda,LAMPUNG SELATAN,KUPP KELAS III TELUK BETUNG,BANDAR LAMPUNG
KNG,Kaimana,KAIMANA,KUPP KELAS III KAIMANA,Jl. Pelabuhan Kaimana; Kaimana Papua Barat 98654
KNN,Kangean,SUMENEP,KUPP KELAS III PELABUHAN SAPEKEN,Jl. Pelabuhan No. 01 Sapeken Suminto; Madura Jatim
KNP,Kintap,TANAH LAUT,KUPP KELAS III KINTAP,Jl. Batu Anting Desa Kintap Kecil Kec. Kintap Kab. Tanah Laut; Kalsel - 70883
KNU,Karangantu,SERANG,KUPP KELAS III KARANGANTU,SERANG
KNY,Kolbano,TIMOR TENGAH SELATAN,KSOP KELAS V TENAU KUPANG,Jl. Yos Sudarso No. 27 Tenau Kupang NTT 85351
KOB,Kobror,KEPULAUAN ARU,KUPP KELAS II DOBO,Jl.Pelabuhan No. 3 Dobo Maluku 97662
KOG,Kroing,MALUKU BARAT DAYA,KUPP KELAS II SAUMLAKI,Jl.Pelabuhan Saumlaki Kec. Tanibar Selatan Kab. Saumlaki Maluku 97762
KOK,Kokas,FAKFAK,UPP KELAS III KOKAS,Jl. Rumagesan Komp. Pelabuhan No. 1 Kab. Fak-fak Papua Barat
KOL,Kolaka,KOLAKA,UPP KELAS III KOLAKA,Jl. Dermaga No. 1; Kolaka Sultra 93512
KON,Kakorotan,KEPULAUAN TALAUD,KUPP KELAS III MELONGUANE,Jl Komp. Pelabuhan Lirung Kec. Lirung Kab. Talaud; Lirung Sulawesi Utara 95871
KPE,Kuala Pembuang,SERUYAN,KSOP KELAS III TELUK SIGINTUNG,Jl. AIS Nasution Kuala Pembuang Kalimantan Tengah 74211
KRN,Keramaian,SUMENEP,KUPP KELAS III MASALEMBO,Jl. Raya Pelabuhan No. 1 Masalembu; Sumenep; Jawa Timur - 69492
KSI,Kesui,SERAM BAGIAN TIMUR,KUPP KELAS III GESER,Jl. Pelabuhan Geser; Seram Bagian Timur- Maluku 97594
KSO,Kalbut,SITUBONDO,KUPP KELAS III KALBUT,Jl. Pelabuhan Kalbut Situbondo; Jawa Timur - 68363
KTB,Kotabaru,BARU,KSOP KELAS III KOTA BARU,Jl. Pangeran Indera Kesuma Jaya Komp. Pelabuhan Panjang Kota Baru - Kalsel 72113
KTI,Kertapati,KOTA PALEMBANG,KSOP KELAS II PALEMBANG,Banyuasin-Sumatera Selatan
KTJ,Kuala Tanjung,BATU BARA,KSOP KELAS III KUALA TANJUNG,Jl. Pelabuhan Kuala Tanjung Kec. Sei Suka Kab. Batu Bara Sumatera Utara 21257
KTK,Kuala Tungkal,TANJUNG JABUNG BARAT,KSOP KELAS IV KUALA TUNGKAL,Jl. Kesejahteraan No. 86 Rt.19 Kuala Tungkal Kab. Tanjung Jabung Barat Jambi 36513
KTN,Karatung,KEPULAUAN TALAUD,KUPP KELAS III MELONGUANE,Jl Komp. Pelabuhan Lirung Kec. Lirung Kab. Talaud; Lirung Sulawesi Utara 95871
KTP,Sukabangun Ketapang,KETAPANG,KSOP KELAS IV KETAPANG,Jl. Gajah Mada No. 542 Komplek Pelabuhan Sukabangun Ketapang Kalimantan Barat 78851
KTT,Kadatua,BUTON,KUPP KELAS I BAU-BAU,Jl. Yos Sudarso No. 5 Kel. Wale Kec. Wolio Kota Baubau Provinsi Sultra 93711
KTU,Kairatu,SERAM BAGIAN BARAT,KUPP KELAS III KAIRATU,Jl. Kompleks PT. IMJ; Waisarisa Maluku
KUA,Kuala Langsa,KOTA LANGSA,KSOP KELAS IV KUALA LANGSA,Jl. Pelabuhan No. 04 Kuala Langsa NAD 24451 Telp. 0641-23459; Fax. 0641-21663 Email : ad_klgs@yahoo.com / ksopkualalangsa@dephub.go.id
KUJ,Kuala Semboja/Sebulu,KUTAI KERTANEGARA,KUPP KELAS III KUALA SEMBOJA,Jl. Balikpapan Handil II No. 2 Rt. V Kuala Semboja Kaltim 75277
KUM,Kumai,KOTAWARINGIN BARAT,KSOP KELAS IV KUMAI,Jl. Bendahara No. 230 Kumai Kab. Kotawaringin Barat - Kalteng 74181
KUR,Kur,KAB. TUAL,KUPP KELAS II TUAL,Jl.Pidnang Armau No1 Komp.Pelabuhan Tual Maluku 97613
KWG,Kwandang,GORONTALO UTARA,UPP KELAS III KWANDANG,Jl. Komp. Pelabuhan Desa Moluo Kec. Kwandang Gorontalo 96252
KWO,Kawio,KEPULAUAN SANGIHE,KUPP KELAS II TAHUNA,Jl.Pelabuhan Tahuna No.1 Kab .Kepl.Sangihe Tahuna Sulawesi Utara 95851
KWU,Moa,MALUKU BARAT DAYA,UPP KELAS III WONRELI,Jl. Pelabuhan Wonreli Maluku 97653
KXR,Kisar,MALUKU BARAT DAYA,UPP KELAS III WONRELI,Jl. Pelabuhan Wonreli Maluku 97653
KYD,Kayuadi,PANGKAJENE KEPULAUAN,KUPP KELAS III JAMPEA,Jl. Pelabuhan No. 1 Benteng Jampea Sulsel
KYU,Kalibaru,JAKARTA UTARA,KSOP KELAS V KALIBARU,Jl. Raya Pelabuhan Kalibaru No. 1 Jakut 14140
LAJ,Labuhan,PANDEGLANG,KUPP KELAS III PELABUHAN LABUHAN,-
LBH,Labuha,HALMAHERA SELATAN,KUPP KELAS II LABUHA/BABANG,Jl.Pelabuhan No. 25 Desa Babang Kec. Bacan Timur 97791
LBO,Labuan Bajo,MANGGARAI BARAT,KUPP KELAS II LABUHAN BAJO,Jl. Yos Sudarso Labuan Bajo NTT 86554
LEA,Loleo Jaya,HALMAHERA SELATAN,UPP KELAS III OGOAMAS,Jl. Pelabuhan No. 7 Kec. Sojol Utara Kab. Donggala Sulteng
LEI,Leti,MALUKU BARAT DAYA,UPP KELAS III WONRELI,Jl. Pelabuhan Wonreli Maluku 97653
LEK,Leok,BUOL,UPP KELAS III LEOK,Jl. Syarif Mansyur No. 356 Kel. Leok 1 Kec. Biau Kab. Buol Sulteng 94563
LFA,Maidi,KOTA TIDORE KEPULAUAN,KUPP KELAS III SOA-SIU,Jl. Yos Sudarso Kel. Indonesiana Kota Tidore Kepulauan 97813
LGI,Lagundi,LAMPUNG SELATAN,KUPP KELAS III TELUK BETUNG,BANDAR LAMPUNG
LGN,Lirang,MALUKU BARAT DAYA,UPP KELAS III WONRELI,Jl. Pelabuhan Wonreli Maluku 97653
LHA,Lahewa,NIAS UTARA,KUPP KELAS III LAHEWA,Jl. Bowo No. 1 Kel. Pasar Lahewa Kab. Nias Utara; Suamtera Utara 22853
LHJ,Labuhan Haji,LOMBOK TIMUR,KUPP KELAS III LABUHAN LOMBOK,Jl. Khayangan Labuhan Lombok Kec. Pringgabaya Kab. Lombok; Timur Nusa Tenggara Barat - 83655
LIG,Teluk Leidong,LABUAN BATU UTARA,KUPP KELAS III LEIDONG,Jl. Bondar No. 79 Liendong Sumatera Utara 21475 Telp. 0623-71071; Fax. 0623-71371 Email : upplaeidong@gmail.com / uppleidong@dephub.go.id
LKA,Larantuka,FLORES TIMUR,KUPP KELAS II LARANTUKA,Flores Timus-Nusa Tenggara Timur
LKK,Legon Bajak,JEPARA,KUPP KELAS III KARIMUN JAWA,JEPARA
LKO,Tanah Ampo,KARANG ASEM,KSOP KELAS IV PADANG BAI,Jl. Didalam Areal Pelabuhan Penyebrangan Padangbai; Bali 80872
LKS,Lerokis,MALUKU BARAT DAYA,UPP KELAS III WONRELI,Jl. Pelabuhan Wonreli Maluku 97653
LLD,Kedi,HALMAHERA BARAT,KUPP KELAS III JAILOLO,Jl. Pelabuhan jailolo Kab. Halmahera Barat; Maluku Utara 97752
LLL,Lasalimu,BUTON,KUPP KELAS I BAU-BAU,Jl. Yos Sudarso No. 5 Kel. Wale Kec. Wolio Kota Baubau Provinsi Sultra 93711
LLO,Labuhan Lombok,LOMBOK TIMUR,KUPP KELAS III LABUHAN LOMBOK,Jl. Khayangan Labuhan Lombok Kec. Pringgabaya Kab. Lombok; Timur Nusa Tenggara Barat - 83655
LMA,Labuhan Maringgai,LAMPUNG TIMUR,KUPP KELAS III LABUHAN MARINGGAI,Muara Gading Mas Labuhan Maringgai Lampung Timur;
LMR,Lembar,LOMBOK BARAT,KSOP KELAS III LEMBAR,Jl. Raya Pelabuhan Lembar; Lombok Barat - NTB 83364
LNA,Langara,KONAWE UTARA,UPP KELAS III LAPUKO,Jl. Pelabuhan No. 25 Langara 93393 P. Wawoni Kab. Konawe Sulawesi Tenggara
LNB,Liana Banggai,BUTON,KUPP KELAS I BAU-BAU,Jl. Yos Sudarso No. 5 Kel. Wale Kec. Wolio Kota Baubau Provinsi Sultra 93711
LOR,Lakor,MALUKU BARAT DAYA,UPP KELAS III WONRELI,Jl. Pelabuhan Wonreli Maluku 97653
LPG,Lipang,KEPULAUAN SANGIHE,KUPP KELAS II TAHUNA,Jl.Pelabuhan Tahuna No.1 Kab .Kepl.Sangihe Tahuna Sulawesi Utara 95851
LPI,Lampia,LUWU TIMUR,KUPP KELAS III MALILI,Jl. Jend. Sudirman No. 16 Kec. Malili Kab. Luwu Timur Sulsel 91981
LPO,Lapuko,KONAWE SELATAN,UPP KELAS III LAPUKO,Jl. Pelabuhan No. 25 Langara 93393 P. Wawoni Kab. Konawe Sulawesi Tenggara
LQA,Leksula,BURU SELATAN,KUPP KELAS III NAMROLE,Jl. Komp. Pelabuhan Leksula; Kec. Leksula Kab. Buru Selatan - Ambon Maluku 97573
LQR,Lakara,KONAWE SELATAN,UPP KELAS III LAPUKO,Jl. Pelabuhan No. 25 Langara 93393 P. Wawoni Kab. Konawe Sulawesi Tenggara
LRG,Lirung,KEPULAUAN TALAUD,KUPP KELAS III MELONGUANE,Jl Komp. Pelabuhan Lirung Kec. Lirung Kab. Talaud; Lirung Sulawesi Utara 95871
LRN,Lurang,MALUKU BARAT DAYA,UPP KELAS III WONRELI,Jl. Pelabuhan Wonreli Maluku 97653
LRT,Larat,MALUKU TENGGARA BARAT,KUPP KELAS II SAUMLAKI,Jl.Pelabuhan Saumlaki Kec. Tanibar Selatan Kab. Saumlaki Maluku 97762
LSG,Loseng,KEPULAUAN SULA,KUPP KELAS II SANANA,Jl.Komplek Pelabuhan Sanana Maluku Utara 97795
LSW,Lhokseumawe/Kreung Geukeh,ACEH UTARA,KSOP KELAS IV LHOKSEUMAWE,Jl. Pelabuhan No. 1 Lhoksumawe 24315 Telp/Fax. 0645-43485 Email : adpel_lsm3@yahoo.co.id / ksoplhokseumawe@dephub.go.id
LTG,Letung,KEPULAUAN ANAMBAS,KUPP KELAS II TAREMPA,PASIR PANJANG - KEPULAUAN RIAU
LTU,Lhok Tuan,KOTA BONTANG,KUPP KELAS I LHOK TUAN,Gedung Shipping Lt.1 PT Pupuk Kalimantan Timur -Bontang 75313
LUG,Likupang,MINAHSA UTARA,UPP KELAS III LIKUPANG,Jl. Raya Manado Likupang Sulawesi Utara 95375
LUK,Labuhan Uki,BOLAANG MONGONDO,KUPP KELAS III LABUHAN UKI/INEBONTO,Jl. Pelabuhan No. 128 Desa Labuhan Uki Kec. Loka Kab. Bolaang Mongondow Sulut 95761
LUU,Lameluru,KONAWE UTARA,UPP KELAS III LAPUKO,Jl. Pelabuhan No. 25 Langara 93393 P. Wawoni Kab. Konawe Sulawesi Tenggara
LUW,Luwuk,BANGGAI,KUPP KELAS II LUWUK,Jl. Yos Sudarso No. 1 Kel. Karaton Kec. Luwuk Kab. Banggai Sulteng 94715
LWE,Lewoleba,LEMBATA,KUPP KELAS II LARANTUKA,Flores Timus-Nusa Tenggara Timur
LWI,Laiwui,HALMAHERA SELATAN,KUPP KELAS III LAIWUI,Jl. Komp. Pelabuhan Jikotamo Malut 97792
LWL,Lawele,BUTON,KUPP KELAS I BAU-BAU,Jl. Yos Sudarso No. 5 Kel. Wale Kec. Wolio Kota Baubau Provinsi Sultra 93711
MAF,Maffa,HALMAHERA SELATAN,KUPP KELAS III PULAU GEBE/WEDA,Jl. Pulau Fao Kec. Pilau Gebe Kab. Halmahera Tengah Komp. Pelabuhan Gebe; Malut
MAJ,Majene,MAJENE,KUPP KELAS III MAJENE,Jl. Ammana Wewang No. 21 Kab. Majene Sulbar 91411
MAK,Makassar,KOTA MAKASAR,KANTOR OTORITAS PELABUHAN UTAMA MAKASSAR,Jl. Madura No. 1 Makasar - 90173 Telp. 0411-3616444; 3632881; 3632882; Fax. 0411-3616444 Email : op_makassar@yahoo.com / opIV_mks@dephub.go.id
MAT,Marampit,KEPULAUAN TALAUD,KUPP KELAS III MELONGUANE,Jl Komp. Pelabuhan Lirung Kec. Lirung Kab. Talaud; Lirung Sulawesi Utara 95871
MBA,Muara Baru,JAKARTA UTARA,KSOP KELAS V MUARA BARU,Jl. Muara Baru Ujung Pelabuhan Perikanan Samudra Muara Baru; Jakut 14440
MBF,Malbufa,KEPULAUAN SULA,KUPP KELAS II SANANA,Jl.Komplek Pelabuhan Sanana Maluku Utara 97795
MBG,Marabombang,PINRANG,KUPP KELAS II BANGGAI,Jl. Komp. Pelabuhan Banggai Kab. Banggai Kepulauan Sulteng 94791
MBN,Marabatuan,BARU,KUPP KELAS III SEI DANAU/SATUI,Jl. Kuripan No. 5 Rt.24Sungai Danau Satui Kab. Tanah Bumbu Sungai Danau Satui; Kalsel 72175
MCO,Tanjung Moco,KOTA TANJUNG PINANG,KSOP KELAS II TANJUNG PINANG,Jl. SM. Amin No. 18 Kota Tanjung Pinang Kepulauan Riau 29111 Telp/Fax. 0771-21014 ksoptanjungpinang@dephub.go.id
MDA,Midai,NATUNA,KUPP KELAS II TAREMPA,PASIR PANJANG - KEPULAUAN RIAU
MDC,Manado,KOTA MANADO,KSOP KELAS III MANADO,Jl. Pelabuhan Manado; Sulawesi Utara 95111 Telp. 0431-867054; Fax. 0431-859721 Email : adpel_manado@yahoo.com / ksop_manado@dephub.go.id
MEA,Mega,TAMBRAUW,KUPP KELAS II RAJA AMPAT,Jl. Trikora No. 19 Saonek Kab. Raja Ampat Prov. Papua Barat
MEE,Malenge,TOJO UNA-UNA,KUPP KELAS III AMPANA,Jl. Yos Sudarso No. 25 Ampana Sulteng 94683
MEH,Menanga,FLORES TIMUR,KUPP KELAS II LARANTUKA,Flores Timus-Nusa Tenggara Timur
MEI,Menui,MOROWALI,UPP KELAS III KOLONEDALE,Jl. Pelabuhan No. 1 Kolonedale Sulteng 94671
MEJ,Mesuji/Lampung,MESUJI,KUPP KELAS III LABUHAN MESUJI,LAMPUNG UTARA
MEL,Pulau Mules,MANGGARAI,KUPP KELAS II REO,Jl. Pelabuhan Reo Kec. Reo Kab. Manggarai Kediri; Nusa Tenggara Timur - 86592
MEN,Pemenang,LOMBOK UTARA,KUPP KELAS II PEMENANG/ TANJUNG,Jl. Pariwisata Gili Indah Pemenang Kab. Lombok Utara; Pemenang NTB 83352
MEQ,Meulaboh,ACEH BARAT,KSOP KELAS IV MEULABOH,Jl. T. Chik Ditiro No. 17 Meulaboh; Aceh Barat NAD 23611 Telp/Fax. 0655- 7551443 Email : adpelmeulaboh@yahoo.com / ksopmeulaboh@dephub.go.id
MGA,Menggala,TULANG BAWANG,KUPP KELAS III MENGGALA,TULANG BAWANG
MGR,Mangarang,KEPULAUAN TALAUD,KUPP KELAS III MELONGUANE,Jl Komp. Pelabuhan Lirung Kec. Lirung Kab. Talaud; Lirung Sulawesi Utara 95871
MGS,Miangas,KEPULAUAN TALAUD,KUPP KELAS III MELONGUANE,Jl Komp. Pelabuhan Lirung Kec. Lirung Kab. Talaud; Lirung Sulawesi Utara 95871
MHE,Mahaleta,MALUKU BARAT DAYA,KUPP KELAS II SAUMLAKI,Jl.Pelabuhan Saumlaki Kec. Tanibar Selatan Kab. Saumlaki Maluku 97762
MIG,Manitingting,HALMAHERA TIMUR,KUPP KELAS III BULI,Jl;. Pelabuhan Buli Kec. Maba Kab. Halmahera Malut
MII,Maccini Baji,BULUKUMBA,KUPP KELAS II MACCINI BAJI,Jl. Pelabuhan BiringKasie Pengkeb Sulsel 90651
MJU,Mamuju,MAMUJU,KUPP KELAS I MAMUJU,Jl. Yos Sudarso No. 2 Mamuju Kab. Mamuju Sulbar 91511
MKA,Muara Angke,JAKARTA UTARA,KSOP KELAS IV MUARA ANGKE,Jl. Dermaga No. 1 Pelabuhan Muara Angke Jakut 14450
MKH,Makalehi,KEPULAUAN SANGIHE,KUPP KELAS III ULU SIAU,Jl. Komp. Pelabuhan Ulu Siau Kel. Tatahadeng Kec. Siau Timur Kep. Tagulandang; Biaro Sultra 95861
MKI,Malakoni/P. Enggano,BENGKULU UTARA,KUPP KELAS III MALAKONI-ENGGANO,BENGKULU SELATAN
MKQ,Merauke,MERAUKE,KSOP KELAS IV MERAUKE,Jl. Sabang No. 312 Merauke - Papua 99613
MKT,Munte/Likupang Barat,MINAHSA UTARA,UPP KELAS III LIKUPANG,Jl. Raya Manado Likupang Sulawesi Utara 95375
MKW,Manokwari,MANOKWARI,KSOP KELAS IV MANOKWARI,Jl.Banjarmasin No 6 Monokwari Papua Barat 98311
MKX,Makian,HALMAHERA SELATAN,KUPP KELAS III SOA-SIU,Jl. Yos Sudarso Kel. Indonesiana Kota Tidore Kepulauan 97813
MLA,Teluk Malala,DONGGALA,UPP KELAS III OGOAMAS,Jl. Pelabuhan No. 7 Kec. Sojol Utara Kab. Donggala Sulteng
MLD,Tarakan,,KSOP KELAS III TARAKAN,Jl. Yos Sudarso No. 8 Lingkas Ujug Tarakan Kalimantan Utara 77126
MLE,Mandopolo/Jojame,HALMAHERA SELATAN,KUPP KELAS III LAIWUI,Jl. Komp. Pelabuhan Jikotamo Malut 97792
MLG,Maligano,MUNA,KUPP KELAS II RAHA,Jl. Pelabuhan No. 1 Raha Sulawesi Tenggara 93611
MLH,Malahayati,ACEH BESAR,KSOP KELAS IV MALAHAYATI,Jl. Patimura No. 89 Kel. Sukaramai Blower; Banda Aceh Telp/Fax. 0651-48555 Email : adpelmalahayati@yahoo.com / ksopmalahayati@dephub.go.id
MLI,Malili (Sungai),LUWU TIMUR,KUPP KELAS III MALILI,Jl. Jend. Sudirman No. 16 Kec. Malili Kab. Luwu Timur Sulsel 91981
MLO,Malarko,KARIMUN,KSOP KELAS I TANJUNG BALAI KARIMUN,-
MLS,Marlasi,KEPULAUAN ARU,KUPP KELAS II DOBO,Jl.Pelabuhan No. 3 Dobo Maluku 97662
MLW,Molawe,KONAWE UTARA,UPP KELAS III LAPUKO,Jl. Pelabuhan No. 25 Langara 93393 P. Wawoni Kab. Konawe Sulawesi Tenggara
MMA,Maumbawa,NGADA,KSOP KELAS IV ENDE,Jl. Adi Sucipto Ippi Ende NTT 86316
MMO,Mamboro,SUMBA TENGAH,KUPP KELAS III WAIKELO,Jl. Waikelo Kec. Luara Kab. Sumba Barat Waikelo; Nusa Tenggara Timur - 87254
MMR,Moor,MAPPI,KUPP KELAS III BADE,Jl. Pelita No. 32 Distrik Edera; Bade Kab. Mappi-Papua 99653
MMU,Mumugu,ASMAT,KUPP KELAS III AGATS,Jl. Pelabuhan Baru No. 1 Agats Kab. Asmat Papua
MNB,Teluk Melano/Teluk Batang,KAYONG UTARA,KUPP KELAS III TELUK MELANO,Jl. Gusti Aplos No. 93 Rt.8/Rw;III Kalbar 78853
MNP,Manipa,SERAM BAGIAN BARAT,KUPP KELAS III KAIRATU,Jl. Kompleks PT. IMJ; Waisarisa Maluku
MOF,Maumere /Laurentius Say,SIKA,KSOP KELAS IV LAURENTIUS SAY/MAUMERE,Jl. R. E Marthadinata No. 7 Maumere - Nusa Tenggara Timur 86113
MOI,Moti,KOTA TERNATE,KUPP KELAS III SOA-SIU,Jl. Yos Sudarso Kel. Indonesiana Kota Tidore Kepulauan 97813
MOT,Marapokot,NAGEKO,KUPP KELAS III MARAPOKOT,Jl. Pelabuhan Marapokot No. 01 Marapokot Nusa Tenggara Timur 86472
MOU,Moru,ALOR,KUPP KELAS III BARANUSA,Jl.Komp. Pelabuhan Baranusa Nusa Tenggara Timur
MPC,Muko-Muko,MUKO-MUKO,KUPP KELAS II LINAU/BINTUHAN,Jl. Pelabuhan Linau Bintuhan Kab. Kaur Bengkulu 38565
MPG,Muara Padang,KOTA PADANG,KSOP KELAS II TELUK BAYUR,Jl. Tanjung Priok No. 4 Teluk Bayur Sumatera Barat 25217
MPH,Mempawah,KETAPANG,KSOP KELAS II PONTIANAK,Jl. Rahadi Usman No. 2 Pontianak Kalimantan Barat
MRE,Marore,KEPULAUAN SANGIHE,KUPP KELAS II TAHUNA,Jl.Pelabuhan Tahuna No.1 Kab .Kepl.Sangihe Tahuna Sulawesi Utara 95851
MRG,Maritaing,ALOR,KUPP KELAS III BARANUSA,Jl.Komp. Pelabuhan Baranusa Nusa Tenggara Timur
MRL,Marsela,MALUKU BARAT DAYA,KUPP KELAS II SAUMLAKI,Jl.Pelabuhan Saumlaki Kec. Tanibar Selatan Kab. Saumlaki Maluku 97762
MRP,Mataritip,BERAU,KUPP KELAS II TANJUNG REDEP,Jl. P. Antasari No. 27 Rt.01/Rw.01 Tanjung Redep Kaltim 77312
MRT,Meranti/Dorak,PULAU MERANTI,KSOP KELAS IV SELAT PANJANG,Jl. Pelabuhan No. 2 Selat Panjang Riau 28753
MSI,Masalembo,SUMENEP,KUPP KELAS III MASALEMBO,Jl. Raya Pelabuhan No. 1 Masalembu; Sumenep; Jawa Timur - 69492
MSK,Muara Sabak,TANJUNG JABUNG TIMUR,KSOP KELAS IV MUARA SABAK,Jl. Syahbandar No. 5 Jambi
MSN,Mansinam,MANOKWARI,KSOP KELAS IV MANOKWARI,Jl.Banjarmasin No 6 Monokwari Papua Barat 98311
MSR,Matasiri,BARU,KUPP KELAS III SEI DANAU/SATUI,Jl. Kuripan No. 5 Rt.24Sungai Danau Satui Kab. Tanah Bumbu Sungai Danau Satui; Kalsel 72175
MTT,Matutuang,KEPULAUAN SANGIHE,KUPP KELAS II TAHUNA,Jl.Pelabuhan Tahuna No.1 Kab .Kepl.Sangihe Tahuna Sulawesi Utara 95851
MUE,Maurole,ENDE,KSOP KELAS IV ENDE,Jl. Adi Sucipto Ippi Ende NTT 86316
MUG,Moutong,PARIGI MOUTONG,KUPP KELAS III PARIGI,Jl. Pelabuhan Parigi No. 92 Kec. Parigi Kab. Donggala Parigi Palu Sulteng 94371
MUI,Matui,HALMAHERA BARAT,KUPP KELAS III JAILOLO,Jl. Pelabuhan jailolo Kab. Halmahera Barat; Maluku Utara 97752
MUO,Muntok,BANGKA BARAT,KSOP KELAS IV MUNTOK,Jl. Yos Sudarso No. 1 Muntok Bangka Belitung 33311
NAB,Teminabuan,SORONG SELATAN,KUPP KELAS III TAMINABUAN,Jl. Pelabuhan Teminibuan Kab. Sorang Selatan Papua Barat
NAM,Namlea,BURU,KUPP KELAS II NAMLEA,Jl.Dermaga Pelabuhan Namlea Kabupaten Buru Maluku 97571
NBX,Nabire,NABIRE,KUPP KELAS II NABIRE,Jl. Pintu Masuk Pelabuhan No. 1 Nabire Papua 98851
NDA,Banda Naira,MALUKU TENGAH,KSOP KELAS IV BANDA NAIRA,Jl.Pelabuhan Banda Naira Kab Maluku Tengah 97543
NGG,Anggrek,GORONTALO UTARA,UPP KELAS II ANGGREK,Jl. Pelabuhan Anggrek Desa Ilangara Kec. Anggrek Kab. Gorontalo Utara 96252
NIG,Ngalipaeng,KEPULAUAN SANGIHE,KUPP KELAS II TAHUNA,Jl.Pelabuhan Tahuna No.1 Kab .Kepl.Sangihe Tahuna Sulawesi Utara 95851
NIP,Nipah Panjang,TANJUNG JABUNG TIMUR,KUPP KELAS III NIPAH PANJANG,Jl. Pelabuhan No. 1 Kec. Nipah Panjang Kab. Tanjung Jabung Timur Jambi 36571
NIU,Naikliu,KUPANG,KUPP KELAS II ATAPUPU,Jl. Pelabuhan No. 1 Atapupu Nusa Tenggara Timur
NOO,Ndao,ROTENDAO,KUPP KELAS III BAA,Jl. Pelabuhan No. 1 Ba'a - Rote NTT
NPA,Papela,ROTENDAO,KUPP KELAS III BAA,Jl. Pelabuhan No. 1 Ba'a - Rote NTT
NPE,Nusa Penida (Toyapakeh),KLUNGKUNG,KUPP KELAS II NUSA PENIDA,Jl. Desa Ped Kec. Nusa Peninda Kab. Klungkung - Bali
NRE,Namrole,BURU SELATAN,KUPP KELAS III NAMROLE,Jl. Komp. Pelabuhan Leksula; Kec. Leksula Kab. Buru Selatan - Ambon Maluku 97573
NTI,Bintuni,TELUK BINTUNI,KUPP KELAS II BINTUNI,Jl. Raya Umum Bintuni Manokwari Papua Barat 98364
NUN,Nunbaun Sabu (Namosain),KUPANG,KUPP KELAS II ATAPUPU,Jl. Pelabuhan No. 1 Atapupu Nusa Tenggara Timur
ONG,Poopongan,MAMUJU,KUPP KELAS I MAMUJU,Jl. Yos Sudarso No. 2 Mamuju Kab. Mamuju Sulbar 91511
ONN,Oswald Siahaan/Labuhan Angin,TAPANULI TENGAH,KUPP KELAS III BARUS,Jl. Yos Sudarso No. 02 Kel. Pasar Batu Grigis Barus; Kab. Tapanuli Tengah Sumatera Utara 22564
ONR,Kataloka/Ondor,SERAM BAGIAN TIMUR,KUPP KELAS III GESER,Jl. Pelabuhan Geser; Seram Bagian Timur- Maluku 97594
OOS,Ogoamas,DONGGALA,UPP KELAS III OGOAMAS,Jl. Pelabuhan No. 7 Kec. Sojol Utara Kab. Donggala Sulteng
OPI,Oepoli,KUPANG,KUPP KELAS II ATAPUPU,Jl. Pelabuhan No. 1 Atapupu Nusa Tenggara Timur
ORA,Oransbari,MANOKWARI,KUPP KELAS III ORANSBARI,Jl. Pelabuhan Oransbari Papua Barat
PAB,P. Sabutung,BONE,KUPP KELAS II MACCINI BAJI,Jl. Pelabuhan BiringKasie Pengkeb Sulsel 90651
PAE,Palue,SIKA,KSOP KELAS IV LAURENTIUS SAY/MAUMERE,Jl. R. E Marthadinata No. 7 Maumere - Nusa Tenggara Timur 86113
PAH,Paloh/Sakura,SAMBAS,KUPP KELAS III PALOH/SAKURA,Jl. Komp. Pelabuhan Merbau Paloh Kab. Sambas Laimantan Barat 79466
PAR,Para,KEPULAUAN SANGIHE,KUPP KELAS II TAHUNA,Jl.Pelabuhan Tahuna No.1 Kab .Kepl.Sangihe Tahuna Sulawesi Utara 95851
PAZ,Pasuruan,PASURUAN,KSOP KELAS V PASURUAN,Jl. Yos Sudarso No. 158 Pasuruan Jatim 67126
PBI,Padang Bai,KARANG ASEM,KSOP KELAS IV PADANG BAI,Jl. Didalam Areal Pelabuhan Penyebrangan Padangbai; Bali 80872
PCE,Pantai Cermin,SERDANG BEDAGAI,KUPP KELAS III PANTAI CERMIN,Jl. HT Rizal Nudin No.465 Pantai Cermin 20987 Telp/Fax 061-7970102 Email : upppantaicermin@dephub.go.id
PCI,Pacitan,PACITAN,UPP KELAS III BRONDONG,Jl. Pelabuhan No. 1 Sedayulawas Kec. Brondong Lamongan; Jawa Timur - 662814
PDD,Pangkalan Dodek,BATU BARA,KUPP KELAS III PANGKALAN DODEK,Jl. Pelabuhan Desa Nenas Siau Batubara; Suamtera Utara 21258 Telp/Fax. 0622-5892962; 5892970 Email : kanpelpangkalandodek@yahoo.co.id / upppangkalandodek@dephub.go.id
PDE,Pulau Ende,ENDE,KSOP KELAS IV ENDE,Jl. Adi Sucipto Ippi Ende NTT 86316
PDR,Pangandaran,SUKABUMI,KUPP KELAS III PANGANDARAN,INDRAMAYU
PEA,Petta,KEPULAUAN SANGIHE,KUPP KELAS II TAHUNA,Jl.Pelabuhan Tahuna No.1 Kab .Kepl.Sangihe Tahuna Sulawesi Utara 95851
PEE,Pehe,SITARO,KUPP KELAS III ULU SIAU,Jl. Komp. Pelabuhan Ulu Siau Kel. Tatahadeng Kec. Siau Timur Kep. Tagulandang; Biaro Sultra 95861
PEI,Polewali,POLEWALI MANDAR,KUPP KELAS II SILOPO,Jl. Bahari I No. 1 Polewali Sulbar 91311
PEL,Pelita,HALMAHERA SELATAN,KUPP KELAS II LABUHA/BABANG,Jl.Pelabuhan No. 25 Desa Babang Kec. Bacan Timur 97791
PES,P. Sebesi,LAMPUNG SELATAN,KUPP KELAS III TELUK BETUNG,BANDAR LAMPUNG
PEX,Pekalongan,PEKALONGAN,KUPP KELAS II PEKALONGAN,KOTA PEKALONGAN
PGB,P. Gebe,HALMAHERA TIMUR,KUPP KELAS III PULAU GEBE/WEDA,Jl. Pulau Fao Kec. Pilau Gebe Kab. Halmahera Tengah Komp. Pelabuhan Gebe; Malut
PGM,Pagimana,BANGGAI,KUPP KELAS III PAGIMANA,Jl. Pelabuhan No. 1 Kc. Pagimana Kab. Banggai- Sulteng 94752
PGX,Pangkal Balam,KOTA PANGKAL PINANG,KSOP KELAS IV PANGKAL BALAM,-
PHI,Pelaihari/Swarangan,TANAH LAUT,KUPP KELAS III KINTAP,Jl. Batu Anting Desa Kintap Kecil Kec. Kintap Kab. Tanah Laut; Kalsel - 70883
PIN,Panipahan,ROKAN HILIR,KUPP KELAS III PANIPAHAN,BENGKALIS
PIO,Pattirobajo,BONE,KUPP KELAS III PATTIROBAJO,Jl. Pelabuhan No. 1 Kec. Sibulue Kab. Bone Sulsel 92781
PJM,Jampea,KEPULAUAN SELAYAR,KUPP KELAS III JAMPEA,Jl. Pelabuhan No. 1 Benteng Jampea Sulsel
PJN,Pekajang,LINGGA,KUPP KELAS III DABO SINGKEP,DABO SINGKEP - KEPULAUAN RIAU
PKA,Pulau Kampai,LANGKAT,KUPP KELAS III PULAU KAMPAI,LANGKAT - SUMATERA UTARA
PKR,Pangkalan Brandan,LANGKAT,KSOP KELAS IV PANGKALAN SUSU,Jl. Pelabuhan No. 05 Pangkalan Susu Langkat Sumatera Utara 20858
PKS,Pangkalan Susu,LANGKAT,KSOP KELAS IV PANGKALAN SUSU,Jl. Pelabuhan No. 05 Pangkalan Susu Langkat Sumatera Utara 20858
PLB,Pangkalan Bun,KOTAWARINGIN BARAT,KSOP KELAS IV PANGKALAN BUN,Jl. Pangeran Antasari Komp. Pelabuhan Pangkalan Bun Kalimantan Tengah
PLH,Paleleh,BUOL,UPP KELAS III LEOK,Jl. Syarif Mansyur No. 356 Kel. Leok 1 Kec. Biau Kab. Buol Sulteng 94563
PLI,Palipi,MAJENE,KUPP KELAS III MAJENE,Jl. Ammana Wewang No. 21 Kab. Majene Sulbar 91411
PLY,Pulau Kayoa,HALMAHERA SELATAN,KUPP KELAS III SOA-SIU,Jl. Yos Sudarso Kel. Indonesiana Kota Tidore Kepulauan 97813
PMI,Pegatan Mendawai,KATINGAN,KSOP KELAS V PEGATAN MENDAWAI,Jl. Merdeka No 2 Pegatan Mendawai Klateng 74463
PMK,Pomako,MIMIKA,KUPP KELAS II POMAKO I/POMAKO II,Jl. Komp. Pelabuhan Pomako Timika Papua 99910
PMN,Pamanukan/Blanakan,SUBANG,KUPP KELAS III PELABUHAN PAMANUKAN,PAMANUKAN
PNI,Paniti,HALMAHERA TENGAH,KUPP KELAS III PULAU GEBE/WEDA,Jl. Pulau Fao Kec. Pilau Gebe Kab. Halmahera Tengah Komp. Pelabuhan Gebe; Malut
PNJ,Panjang,BANDAR LAMPUNG,KSOP KELAS I PANJANG,Jl. Yos Sudarso No. 34A Panjang Bandar Lampung; Lampung 35241
PNK,Pontianak,PONTIANAK,KSOP KELAS II PONTIANAK,Jl. Rahadi Usman No. 2 Pontianak Kalimantan Barat
POA,Pota,MANGGARAI TIMUR,KUPP KELAS II REO,Jl. Pelabuhan Reo Kec. Reo Kab. Manggarai Kediri; Nusa Tenggara Timur - 86592
POJ,Palopo/Tg. Ringgit,KOTA PALOPO,KUPP KELAS II PALOPO,LUWU
POW,Pulau Owi,BIAK NUMFOR,KSOP KELAS III BIAK,Jl.Jendral Sudirman No. 53 Biak Papua 98115
PPE,Pasipalele,HALMAHERA SELATAN,KUPP KELAS II LABUHA/BABANG,Jl.Pelabuhan No. 25 Desa Babang Kec. Bacan Timur 97791
PPI,Popolii,TOJO UNA-UNA,KUPP KELAS III AMPANA,Jl. Yos Sudarso No. 25 Ampana Sulteng 94683
PPM,Pam,RAJA AMPAT,KUPP KELAS II RAJA AMPAT,Jl. Trikora No. 19 Saonek Kab. Raja Ampat Prov. Papua Barat
PPS,Pulang Pisau,PULANG PISAU,KSOP KELAS IV PULANG PISAU,Jl. Samudera No. 137 Rt. XIII Pulang Pisau Kalimantan Tengah 73561
PQR,Pekanbaru,KOTA PEKANBARU,KSOP KELAS III PEKANBARU,Jl. Kampung Dalam I Rt.01/05 Pekanbaru - Riau 28152
PRA,Palabuhanratu,SUKABUMI,KUPP KELAS III PELABUHAN RATU,SUKABUMI
PRI,Parigi,PARIGI MOUTONG,KUPP KELAS III PARIGI,Jl. Pelabuhan Parigi No. 92 Kec. Parigi Kab. Donggala Parigi Palu Sulteng 94371
PRJ,Pigaraja,HALMAHERA SELATAN,KUPP KELAS II LABUHA/BABANG,Jl.Pelabuhan No. 25 Desa Babang Kec. Bacan Timur 97791
PRN,Panarukan,SITUBONDO,KSOP KELAS IV PANARUKAN,Jl. Pelabuhan No.1 Panurukan; Jatim - 68351
PSJ,Poso,POSO,KUPP KELAS III POSO,Jl. Pattimura No 3 Poso Sulawesi Tengah 94616
PSN,Pasean,PAMEKASAN,KUPP KELAS III TELAGA BIRU,Jl. Pelabuhan No. 54 Telagabiru Bangkalan Jawa Timur 69156
PTA,Teluk Air / Padang Tikar,KUBU RAYA,KSOP KELAS III PADANG TIKAR,Jl. Pelabuhan No. 1 Kec. Batu Amper Kab. Kubu Raya Pontianak Kalimantan Barat 78385
PTB,Pulau Tabuan,TANGGAMUS,KUPP KELAS III KOTA AGUNG,LAMPUNG SELATAN
PTE,Pulau Tello,NIAS SELATAN,KUPP KELAS III PULAU TELLO,PULAU TELLO - NIAS SELATAN
PTI,Patani,HALMAHERA TENGAH,KUPP KELAS III PULAU GEBE/WEDA,Jl. Pulau Fao Kec. Pilau Gebe Kab. Halmahera Tengah Komp. Pelabuhan Gebe; Malut
PTK,Parit Rempak,KEPULAUAN RIAU,KSOP KELAS I TANJUNG BALAI KARIMUN,-
PTL,Pantoloan,KOTA PALU,KSOP KELAS II TELUK PALUXXXXX,Jl. Mutiara No.4 Donggala
PTM,Patimban,SUBANG,KUPP KELAS III PELABUHAN PAMANUKAN,PAMANUKAN
PTT,Pamatata,KEPULAUAN SELAYAR,UPP KELAS III SELAYAR,Jl. Pelabuhan No. 1 anteng Selayar Sulsel 92812
PUA,Pulau Salura,SUMBA TIMUR,KSOP KELAS IV WAINGAPU,Jl. Nangamesi No. 11 Waingapu Nusa Tenggara Timur 87110
PUN,Pulau Seluan,NATUNA,KUPP KELAS II TAREMPA,PASIR PANJANG - KEPULAUAN RIAU
PYH,Gita Payahe,KOTA TIDORE KEPULAUAN,KUPP KELAS III SOA-SIU,Jl. Yos Sudarso Kel. Indonesiana Kota Tidore Kepulauan 97813
RAM,Tanjung Tiram/Batubara,BATU BARA,KUPP TANJUNG TIRAM,ASAHAN
RAQ,Raha,MUNA,KUPP KELAS II RAHA,Jl. Pelabuhan No. 1 Raha Sulawesi Tenggara 93611
RAS,P. Raas,SUMENEP,KUPP KELAS III SAPUDI,Jl. Pelabuhan No. 1 Gawam Sapudi Kab. Sumenep Madura Jawa Timur 69483
RBG,Rembang,REMBANG,KUPP KELAS III PELABUHAN REMBANG,REMBANG
RCI,Rengat/Kuala Cinaku,INDRAGIRI HULU,KSOP KELAS IV RENGAT/KUALA CINAKU,Jl. Ahmad Yani No. 10 Rengat Inhu - Riau 29319 Telp. 0769-323355; Fax. 0769-323466 ksoprengat@dephub.go.id
REO,Reo,MANGGARAI,KUPP KELAS II REO,Jl. Pelabuhan Reo Kec. Reo Kab. Manggarai Kediri; Nusa Tenggara Timur - 86592
RGG,Rangga Ilung,BARITO SELATAN,KSOP KELAS IV KUMAI,Jl. Bendahara No. 230 Kumai Kab. Kotawaringin Barat - Kalteng 74181
RIA,Raijua,SABU RAIJUA,KUPP KELAS III SEBA,Jl. Pelabuhan No. 01 Kec.Sabu Barat Kab.Seburaijua Seba Nusa Tenggara Timur
RIG,Riung,NGADA,KUPP KELAS III MARAPOKOT,Jl. Pelabuhan Marapokot No. 01 Marapokot Nusa Tenggara Timur 86472
RIS,Rainis,KEPULAUAN TALAUD,KUPP KELAS III MELONGUANE,Jl Komp. Pelabuhan Lirung Kec. Lirung Kab. Talaud; Lirung Sulawesi Utara 95871
RMG,Hila/Romang,MALUKU BARAT DAYA,UPP KELAS III WONRELI,Jl. Pelabuhan Wonreli Maluku 97653
RNE,Sluke,REMBANG,KUPP KELAS III PELABUHAN REMBANG,REMBANG
RNI,Ranai,NATUNA,KUPP KELAS II TAREMPA,PASIR PANJANG - KEPULAUAN RIAU
RSK,Ransiki,MANOKWARI,KUPP KELAS III ORANSBARI,Jl. Pelabuhan Oransbari Papua Barat
RUH,Saparua/Haria,MALUKU TENGAH,KUPP KELAS II TULEHU,Jl.Pelabuhan Hurmala Tulehu Maluku 97582
SAA,Sukamara,SUKAMARA,KSOP KELAS IV SUKAMARA,Jl. Pelabuhan No. 14 Sukamara Kalimantan Tengah 74172
SAG,Sampang,SAMPANG,UPP KELAS II BRANTA,Jl. Pelabuhan Branta No. 1; Tlanakan Pamekasan - 69371
SAI,P. Sailus,PANGKAJENE KEPULAUAN,KUPP KELAS II MACCINI BAJI,Jl. Pelabuhan BiringKasie Pengkeb Sulsel 90651
SAL,Salakan,BANGGAI KEPULAUAN,KUPP KELAS II BANGGAI,Jl. Komp. Pelabuhan Banggai Kab. Banggai Kepulauan Sulteng 94791
SAP,Sape,BIMA,KUPP KELAS III SAPE,Jl. Pelabuhan Niaga No. 1 Sape Bima Kab. Bima Nusa Tenggara Barat
SBD,Sibadeh,ACEH SELATAN,KUPP KELAS III TAPAK TUAN,ACEH SELATAN
SBE,Sei Berombang,LABUAN BATU,KUPP KELAS III SEI BEROMBANG,Jl. Syahbandar No. 86 Sei Barombong Sumatera Utara 21473
SBG,Sabang,KOTA SABANG,KSOP KELAS IV SABANG,Jl. Malahayati No. 82 Sabang NAD 23512 Telp. 0652-21016; Fax. 0652-21017 Email : adpelsabang@yahoo.co.id / ksopsabang@dephub.go.id
SBO,Sibigo,SIMEULUE,KUPP KELAS III SINABANG,Jl. Naional No. 212 Sinabang NAD 23691
SDI,Sadai,BANGKA SELATAN,KUPP KELAS III TOBOALI,BANGKA
SDQ,Tanjung Sidupa,GORONTALO UTARA,KUPP KELAS III LABUHAN UKI/INEBONTO,Jl. Pelabuhan No. 128 Desa Labuhan Uki Kec. Loka Kab. Bolaang Mongondow Sulut 95761
SDU,Sedanau,NATUNA,KUPP KELAS II TAREMPA,PASIR PANJANG - KEPULAUAN RIAU
SEG,Serongga,BARU,KUPP KELAS III TANJUNG BATU,Jl. Pangeran Arga Kusuma No. 2 Kec. Kelumpang Tengah Kab. Kotabaru Tanjung Batu; Kalsel - 72164
SEI,Sebuku,BARU,KUPP KELAS III SEBUKU,Jl. Raya Batulicin RT.010/002 Batu Licin Tanah Bumbu; Kalsel - 72171
SEL,Sebalang,LAMPUNG SELATAN,KUPP KELAS III TELUK BETUNG,BANDAR LAMPUNG
SEO,Sepo,HALMAHERA TENGAH,KUPP KELAS III PULAU GEBE/WEDA,Jl. Pulau Fao Kec. Pilau Gebe Kab. Halmahera Tengah Komp. Pelabuhan Gebe; Malut
SEQ,Sungai Pakning,BENGKALIS,KSOP KELAS III SUNGAI PAKNING,bengkalis
SET,Seget,SORONG,KUPP KELAS III TAMINABUAN,Jl. Pelabuhan Teminibuan Kab. Sorang Selatan Papua Barat
SFI,Sofifi,KOTA TIDORE KEPULAUAN,KUPP KELAS III SOA-SIU,Jl. Yos Sudarso Kel. Indonesiana Kota Tidore Kepulauan 97813
SGG,Sungsang,BANYUASIN,KSOP KELAS II PALEMBANG,Banyuasin-Sumatera Selatan
SGQ,Sangatta,KUTAI TIMUR,KUPP KELAS II SANGATTA,Jl. Pelabuhan No ;6 Sangatta .Kab .Kutai Timur Kaliamntan Timur 75612
SII,Sigli,PIDIE,KSOP KELAS IV MALAHAYATI,Jl. Patimura No. 89 Kel. Sukaramai Blower; Banda Aceh Telp/Fax. 0651-48555 Email : adpelmalahayati@yahoo.com / ksopmalahayati@dephub.go.id
SIK,Sikakap,KEPULAUAN MENTAWAI,KUPP KELAS III SIKAKAP,MENTAWAI
SIO,Soasio/Goto,KOTA TIDORE KEPULAUAN,KUPP KELAS III SOA-SIU,Jl. Yos Sudarso Kel. Indonesiana Kota Tidore Kepulauan 97813
SIUB,Siuban,KEPULAUAN MENTAWAI,KUPP KELAS III SIUBAN,MENTAWAI
SJI,Sinjai/Larea-rea,SINJAI,KUPP KELAS III SINJAI,Jl. Halim Perdana Kusuma Sinjai Sulsel 92614
SKA,Saketa,HALMAHERA SELATAN,KUPP KELAS II LABUHA/BABANG,Jl.Pelabuhan No. 25 Desa Babang Kec. Bacan Timur 97791
SKB,Pokai,KEPULAUAN MENTAWAI,KUPP KELAS III MUARA SIBERUT,Kepulauan Mentawai-Sumatera Barat
SKE,Sunda Kelapa,JAKARTA UTARA,KSOP KELAS III SUNDA KELAPA,Jl. Raya Baruna No. 2 Pelabuhan Sunda Kelapa Jakarta Utara 14430
SKI,Sangkulirang,KUTAI TIMUR,KUPP KELAS III SANGKULIRANG,Jl. Pelabuhan No. 20 Sankulirang Kaltim 75384
SKJ,Sei Kolak Kijang,KOTA TANJUNG PINANG,KSOP KELAS III KIJANG,Jl. Pelabuhan Sri Bayintan No. 9 Kijang - Kepri 29151 Telp. 0771-463765; Fax. 0771-61561 ksopkijang@dephub.go.id
SKL,Sikeli,BOMBANA,KUPP KELAS I BAU-BAU,Jl. Yos Sudarso No. 5 Kel. Wale Kec. Wolio Kota Baubau Provinsi Sultra 93711
SKM,Saukorem,MANOKWARI,KSOP KELAS IV MANOKWARI,Jl.Banjarmasin No 6 Monokwari Papua Barat 98311
SKW,Singkawang,SAMBAS,KSOP KELAS IV SINTETE/ PEMANGKAT,Jl. Pelabuhan No. 1 Sintete Pemangkat Prov. Kalimantan Barat 79453
SLG,Sibolga,KOTA SIBOLGA,KSOP KELAS IV SIBOLGA,Jl. Horas Pelabuhan Sibolga; Sibolga Sumatera Utara 22532
SLJ,Selat Panjang,PULAU MERANTI,KSOP KELAS IV SELAT PANJANG,Jl. Pelabuhan No. 2 Selat Panjang Riau 28753
SLU,Sungai Lumpur,OGAN KOMERING ILIR,KUPP KELAS III SUNGAI LUMPUR,OGAN KOMERING ILIR
SMA,Samuda,KOTAWARINGIN TIMUR,KSOP KELAS V SAMUDA,Jl. H.M. Noor No .5 Rt.01/Rw.01 Samuda Kalimantan Tengah 74363
SME,Subaim,HALMAHERA TIMUR,KUPP KELAS III BULI,Jl;. Pelabuhan Buli Kec. Maba Kab. Halmahera Malut
SMQ,Sampit,KOTAWARINGIN TIMUR,KSOP KELAS III SAMPIT,Jl. Iskandar No. 3 Sampit Kota Waringin Timur Kalimantan Tengah 74322
SMU,Pulau Sambu,KOTA BATAM,KSOP KELAS III PULAU SAMBU,-
SNE,Sintete,SAMBAS,KSOP KELAS IV SINTETE/ PEMANGKAT,Jl. Pelabuhan No. 1 Sintete Pemangkat Prov. Kalimantan Barat 79453
SNG,Sinabang,SIMEULUE,KUPP KELAS III SINABANG,Jl. Naional No. 212 Sinabang NAD 23691
SNI,Sinaboi,ROKAN HILIR,KUPP KELAS III SINABOI,BENGKALIS
SNL,Singkil,ACEH SINGKIL,KUPP KELAS III SINGKIL,Jl. Utama No. 20 Pulo Sarok Singkil; Kab. Aceh Singkil 24785
SNP,Branta,PAMEKASAN,UPP KELAS II BRANTA,Jl. Pelabuhan Branta No. 1; Tlanakan Pamekasan - 69371
SNYK,Sungai Nyamuk/Sebatik,,KUPP KELAS III SUNGAI NYAMUK,Jl. Dermaga Sungai Nyamuk No. 1 Kec. Sebatik Kab. Nunukan 77483
SOK,Saonek,RAJA AMPAT,KUPP KELAS II RAJA AMPAT,Jl. Trikora No. 19 Saonek Kab. Raja Ampat Prov. Papua Barat
SOQ,Sorong,SORONG,KSOP KELAS I SORONG,Jl.Jendral A; Yani No 19 Sorong Papua Barat 98413
SOU,Siompu,BUTON,KUPP KELAS I BAU-BAU,Jl. Yos Sudarso No. 5 Kel. Wale Kec. Wolio Kota Baubau Provinsi Sultra 93711
SPK,P. Sapuka,PANGKAJENE KEPULAUAN,KUPP KELAS II MACCINI BAJI,Jl. Pelabuhan BiringKasie Pengkeb Sulsel 90651
SPN,Sapeken,SUMENEP,KUPP KELAS III PELABUHAN SAPEKEN,Jl. Pelabuhan No. 01 Sapeken Suminto; Madura Jatim
SQN,Sanana,KEPULAUAN SULA,KUPP KELAS II SANANA,Jl.Komplek Pelabuhan Sanana Maluku Utara 97795
SQQ,Tanjung Selor Kayu / Kayan I,,KUPP KELAS II TANJUNG SELOR,Jl. Jend Sudirman Rt.VIII No. 16 Tanjung Selor Kalimantan Utara 77212
SRG,Tanjung Emas,SEMARANG,KSOP KELAS I TANJUNG EMAS SEMARANG,Jl. Yos Sudarso No. 30 Kel. Tanjung Emas Kec. Semarang Jateng 50174 Telp/Fax. 024-3852335 ksoptanjungemas@dephub.go.id
SRI,Samarinda,KOTA SAMARINDA,KSOP KELAS II SAMARINDA,Jl. Yos Sudarso No. 2 Samarinda Kalimantan Timur 75113
SRS,Serasan,NATUNA,KUPP KELAS II TAREMPA,PASIR PANJANG - KEPULAUAN RIAU
SRU,Sirombu,NIAS BARAT,KUPP KELAS III SIROMBU,SIROMBU - NIAS BARAT
SRX,Seira,MALUKU TENGGARA BARAT,KUPP KELAS II SAUMLAKI,Jl.Pelabuhan Saumlaki Kec. Tanibar Selatan Kab. Saumlaki Maluku 97762
SSR,Sausapor,TAMBRAUW,KUPP KELAS II RAJA AMPAT,Jl. Trikora No. 19 Saonek Kab. Raja Ampat Prov. Papua Barat
STA,Selat Lampa,NATUNA,KUPP KELAS II TAREMPA,PASIR PANJANG - KEPULAUAN RIAU
SUB,Tanjung Perak,KOTA SURABAYA,KANTOR SYAHBANDAR UTAMA TANJUNG PERAK SURABAYA,Jl. Kalimas Baru No. 194 Surabaya Jawa Timur 60165
SUI,Subi,NATUNA,KUPP KELAS II TAREMPA,PASIR PANJANG - KEPULAUAN RIAU
SUQ,Sungai Guntung,INDRAGIRI HILIR,KUPP KELAS III SUNGAI GUNTUNG,INDRAGIRI HILIR
SUR,Satui/Batu licin,TANAH BUMBU,KUPP KELAS III SEI DANAU/SATUI,Jl. Kuripan No. 5 Rt.24Sungai Danau Satui Kab. Tanah Bumbu Sungai Danau Satui; Kalsel 72175
SUS,Susoh,ACEH BARAT DAYA,KUPP KELAS III SUSOH,Jl. Datuk Digaduang No.167 Susoh; Nanggroe Aceh Darussalam 23765
SWA,Siwa/Bangsalae,WAJO,KUPP KELAS III SIWA,Jl. Pelabuhan No. 1 Kec. Pitumpanua Kab. Wajo Siwa Sulsel 90992
SWG,Sawang,SITARO,KUPP KELAS III ULU SIAU,Jl. Komp. Pelabuhan Ulu Siau Kel. Tatahadeng Kec. Siau Timur Kep. Tagulandang; Biaro Sultra 95861
SWU,Serwaru,MALUKU BARAT DAYA,UPP KELAS III WONRELI,Jl. Pelabuhan Wonreli Maluku 97653
SXK,Saumlaki,MALUKU TENGGARA BARAT,KUPP KELAS II SAUMLAKI,Jl.Pelabuhan Saumlaki Kec. Tanibar Selatan Kab. Saumlaki Maluku 97762
SYG,Senayang,LINGGA,KUPP KELAS III SENAYANG,SENAYANG - KEPULAUAN RIAU
SYP,Sesayap,,KSOP KELAS III TARAKAN,Jl. Yos Sudarso No. 8 Lingkas Ujug Tarakan Kalimantan Utara 77126
TAA,Tilamuta,BOALEMO,UPP KELAS III TILAMUTA,Jl. Pelabuhan No. 106 Kec. Tilamuta Kab. Boalemo Gorontalo 96263
TAG,Kota Agung,TANGGAMUS,KUPP KELAS III KOTA AGUNG,LAMPUNG SELATAN
TAI,Tanjung Satai,KAYONG UTARA,KUPP KELAS III TELUK MELANO,Jl. Gusti Aplos No. 93 Rt.8/Rw;III Kalbar 78853
TBD,Tanjung Batu Kundur,KARIMUN,KUPP KELAS II TANJUNG BATU KUNDUR,Jl. Pemuda No. 21 Tanjung Batu Kota Kec. Kundur; Kab. Karimun Kepulauan Riau 29662 Telp. 0779-21020; Fax. 0779-21001 upptanjungbatukundur@dephub.go.id
TBE,Tanjung Beringin,SERDANG BEDAGAI,KUPP KELAS II TANJUNG BERINGIN,ASAHAN
TBG,Teluk Betung,BANDAR LAMPUNG,KUPP KELAS III TELUK BETUNG,BANDAR LAMPUNG
TBL,Toboali,BANGKA SELATAN,KUPP KELAS III TOBOALI,BANGKA
TBO,Tobelo,HALMAHERA UTARA,KUPP KELAS I TOBELO,Jl. Pelabuhan No.1 Tobelo Kab. Halmahera Utara Prov. Maluku Utara
TBY,Teluk Bayur,KOTA PADANG,KSOP KELAS II TELUK BAYUR,Jl. Tanjung Priok No. 4 Teluk Bayur Sumatera Barat 25217
TDA,Teluk Dalam,NIAS SELATAN,KUPP KELAS III TELUK DALAM NIAS,NIAS SELATAN
TEE,Tabarfane,KAB. TUAL,KUPP KELAS II DOBO,Jl.Pelabuhan No. 3 Dobo Maluku 97662
TEG,Tegal,TEGAL,KSOP KELAS IV TEGAL,-
TEI,Ternate,KOTA TERNATE,KSOP KELAS II TERNATE,Jl. Jend. Ahmad Yani Kompleks Pelabuhan Ahmad Yani Ternate Maluku Utara 97724
TEK,Parlimbungan Ketek,MANDAILING NATAL,KUPP KELAS III BATAHAN,Mandailing Natal-Sumatera Utara
TFE,Tifure,KOTA TERNATE,KUPP KELAS III SOA-SIU,Jl. Yos Sudarso Kel. Indonesiana Kota Tidore Kepulauan 97813
TFG,Teluk Tapang,PASAMAN BARAT,KSOP KELAS II TELUK BAYUR,Jl. Tanjung Priok No. 4 Teluk Bayur Sumatera Barat 25217
TGL,Tagulandang,SITARO,KUPP KELAS III ULU SIAU,Jl. Komp. Pelabuhan Ulu Siau Kel. Tatahadeng Kec. Siau Timur Kep. Tagulandang; Biaro Sultra 95861
TGP,Tanjung Api-Api,BANYUASIN,PEMBANGUNAN FASILITAS PELABUHAN TANJUNG API-API,Kab. Banyuasin; Rimau Sungsang; Palembang; Kabupaten Banyu Asin; Sumatera Selatan 30971
TGU,Telaga Biru,BANGKALAN,KUPP KELAS III TELAGA BIRU,Jl. Pelabuhan No. 54 Telagabiru Bangkalan Jawa Timur 69156
THA,Tahuna,KEPULAUAN SANGIHE,KUPP KELAS II TAHUNA,Jl.Pelabuhan Tahuna No.1 Kab .Kepl.Sangihe Tahuna Sulawesi Utara 95851
THH,Tuhaha,MALUKU TENGAH,KUPP KELAS II TULEHU,Jl.Pelabuhan Hurmala Tulehu Maluku 97582
TJB,Tanjung Balai Karimun,KARIMUN,KSOP KELAS I TANJUNG BALAI KARIMUN,-
TJP,Tanjung Pakis,LAMONGAN,UPP KELAS III BRONDONG,Jl. Pelabuhan No. 1 Sedayulawas Kec. Brondong Lamongan; Jawa Timur - 662814
TJQ,Tanjung Pandan,BELITUNG,KSOP KELAS IV TANJUNG PANDAN,Jl. Pelabuhan No. 1 Tanjung Pandan Belitung 33411
TKM,Tutu Kembong,MALUKU TENGGARA BARAT,KUPP KELAS II SAUMLAKI,Jl.Pelabuhan Saumlaki Kec. Tanibar Selatan Kab. Saumlaki Maluku 97762
TLA,Tanjung Laut,KOTA BONTANG,KUPP KELAS I TANJUNG LAUT,Jl. Pelabuahan No.28 Rt.10 Tanjung Laut Indah Bontang Kalimantan Timur 75321
TLI,Toli-toli,TOLI-TOLI,KSOP KELAS IV TOLI-TOLI,Jl. Komp. Pelabuhan Tolo-toli Sulawesi Tengah 94500
TLN,Tembilahan,INDRAGIRI HULU,KSOP KELAS IV TEMBILAHAN,Jl. Jend. Sudirman No. 75 Tembilahan Kab. Indragiri Hilir - Riau 29212 Telp/Fax. 0768-22033 Email : ksoptembilahan@gmail.com
TMD,Tanjung Medang,BENGKALIS,KUPP KELAS III TANJUNG MEDANG,BENGKALIS
TMP,Tarempa,KEPULAUAN ANAMBAS,KUPP KELAS II TAREMPA,PASIR PANJANG - KEPULAUAN RIAU
TNJ,Tanjung Pinang,KOTA TANJUNG PINANG,KSOP KELAS II TANJUNG PINANG,Jl. SM. Amin No. 18 Kota Tanjung Pinang Kepulauan Riau 29111 Telp/Fax. 0771-21014 ksoptanjungpinang@dephub.go.id
TNL,Taniwel,SERAM BAGIAN BARAT,KUPP KELAS III KAIRATU,Jl. Kompleks PT. IMJ; Waisarisa Maluku
TNU,Talang Duku,MUARO JAMBI,KSOP KELAS III TALANG DUKU,Jl. Raya Pelabuhan Km. 9 Talang Dukuh - Jambi 36381 Telp. 0741-22844; 22020; Fax. 0741-25280 ksopjambi@dephub.go.id
TOK,Torosik,BOLAANG MONGONDO SELATAN,KUPP KELAS III KOTABUNAN,Jl. Komp. Pelabuhan Kotabaru Kec. Kotabunan Kab. Bomlang Kotabunan Sulut 95782
TPA,Tepa,MALUKU BARAT DAYA,KUPP KELAS II SAUMLAKI,Jl.Pelabuhan Saumlaki Kec. Tanibar Selatan Kab. Saumlaki Maluku 97762
TPK,Tapaktuan,ACEH SELATAN,KUPP KELAS III TAPAK TUAN,ACEH SELATAN
TPR,Tanjung Priok,JAKARTA UTARA,KANTOR SYAHBANDAR UTAMA TANJUNG PRIOK,Jl. Padamarang No. 4 Tanjung Priok Jakarta Utara 14310
TPT,Tua Pejat,KEPULAUAN MENTAWAI,KUPP KELAS III SIUBAN,MENTAWAI
TPU,Tanjung Pura,LANGKAT,KSOP KELAS IV PANGKALAN SUSU,-
TQG,Tangkiang,BANGGAI,KUPP KELAS II LUWUK,Jl. Yos Sudarso No. 1 Kel. Karaton Kec. Luwuk Kab. Banggai Sulteng 94715
TQO,Tikong,KEPULAUAN SULA,KUPP KELAS II SANANA,Jl.Komplek Pelabuhan Sanana Maluku Utara 97795
TQP,Kupang,KUPANG,KSOP KELAS V TENAU KUPANG,Jl. Yos Sudarso No. 27 Tenau Kupang NTT 85351
TRE,Tanjung Redeb,BERAU,KUPP KELAS II TANJUNG REDEP,Jl. P. Antasari No. 27 Rt.01/Rw.01 Tanjung Redep Kaltim 77312
TRQ,Tanjung Berakit,KEPULAUAN RIAU,KUPP KELAS I TANJUNG UBAN,KOTA TANJUNG PINANG
TSH,Tanjung Balai Asahan,ASAHAN,KSOP KELAS IV TANJUNG BALAI ASAHAN,Jl. Pelabuhan Teluk Nibung 21351
TSL,Tanjung Sarang Elang,LABUAN BATU,KUPP KELAS III TANJUNG SARANG,LABUHAN BATU
TSX,Tanjung Santan,KUTAI KERTANEGARA,KUPP KELAS III TANJUNG SANTAN,Jl. Chevron Tanjung Santan Terminal Balik papan P.O BOX276
TTK,Nunukan/Tunon Taka,,KSOP KELAS IV NUNUKAN,Jl. Pelabuhan Baru No. 142 Nunukan - Kalimantan Timur 77482
TTN,Teluk Sigintung/Seruyan,SERUYAN,KSOP KELAS III TELUK SIGINTUNG,Jl. AIS Nasution Kuala Pembuang Kalimantan Tengah 74211
TUA,Tual,KAB. TUAL,KUPP KELAS II TUAL,Jl.Pidnang Armau No1 Komp.Pelabuhan Tual Maluku 97613
TUH,Tulehu,MALUKU TENGAH,KUPP KELAS II TULEHU,Jl.Pelabuhan Hurmala Tulehu Maluku 97582
UAA,Una-Una,TOJO UNA-UNA,KUPP KELAS III AMPANA,Jl. Yos Sudarso No. 25 Ampana Sulteng 94683
UIA,Eray/Upisera,MALUKU BARAT DAYA,KUPP KELAS II SAUMLAKI,Jl.Pelabuhan Saumlaki Kec. Tanibar Selatan Kab. Saumlaki Maluku 97762
UJB,Ujung Jabung,TANJUNG JABUNG TIMUR,KUPP KELAS III MENDAHARA,-
UOA,Belopa,KEPULAUAN SELAYAR,KUPP KELAS II PALOPO,LUWU
USI,Ulu Siau,SITARO,KUPP KELAS III ULU SIAU,Jl. Komp. Pelabuhan Ulu Siau Kel. Tatahadeng Kec. Siau Timur Kep. Tagulandang; Biaro Sultra 95861
WAK,Wakai,TOJO UNA-UNA,KUPP KELAS III AMPANA,Jl. Yos Sudarso No. 25 Ampana Sulteng 94683
WAM,Terong/Waiwerang,FLORES TIMUR,KUPP KELAS II LARANTUKA,Flores Timus-Nusa Tenggara Timur
WBA,Wahai,MALUKU TENGAH,KUPP KELAS III BULA,Jl. Pelabuhan Teluk Hatiling Wahai Maluku 97557
WCI,Wanci,WAKATOBI,KUPP KELAS I BAU-BAU,Jl. Yos Sudarso No. 5 Kel. Wale Kec. Wolio Kota Baubau Provinsi Sultra 93711
WDI,Wendesi,TELUK WONDAMA,UPP KELAS III WASIOR,Jl. Kuri Pasai No. 1 Rt.1/Rw.1 Wasior Papua Barat 98362
WDO,Wulandoni,LEMBATA,KUPP KELAS II LARANTUKA,Flores Timus-Nusa Tenggara Timur
WED,Weda,HALMAHERA TENGAH,KUPP KELAS III PULAU GEBE/WEDA,Jl. Pulau Fao Kec. Pilau Gebe Kab. Halmahera Tengah Komp. Pelabuhan Gebe; Malut
WGK,Wamengkoli,KOLAKA,KUPP KELAS I BAU-BAU,Jl. Yos Sudarso No. 5 Kel. Wale Kec. Wolio Kota Baubau Provinsi Sultra 93711
WGP,Waingapu,SUMBA TIMUR,KSOP KELAS IV WAINGAPU,Jl. Nangamesi No. 11 Waingapu Nusa Tenggara Timur 87110
WIA,Waigama,RAJA AMPAT,KUPP KELAS II RAJA AMPAT,Jl. Trikora No. 19 Saonek Kab. Raja Ampat Prov. Papua Barat
WIE,Waiwole,MANGGARAI TIMUR,KUPP KELAS II REO,Jl. Pelabuhan Reo Kec. Reo Kab. Manggarai Kediri; Nusa Tenggara Timur - 86592
WII,Wini,TIMOR TENGAH UTARA,KUPP KELAS II ATAPUPU,Jl. Pelabuhan No. 1 Atapupu Nusa Tenggara Timur
WIO,Waikelo,SUMBA BARAT DAYA,KUPP KELAS III WAIKELO,Jl. Waikelo Kec. Luara Kab. Sumba Barat Waikelo; Nusa Tenggara Timur - 87254
WNI,Wonreli,MALUKU BARAT DAYA,UPP KELAS III WONRELI,Jl. Pelabuhan Wonreli Maluku 97653
WNQ,Wani,DONGGALA,KUPP KELAS III WANI,Jl. Pelabuhan No. 6 Wani Sulteng 94352
WOA,Waworada,BIMA,KUPP KELAS III SAPE,Jl. Pelabuhan Niaga No. 1 Sape Bima Kab. Bima Nusa Tenggara Barat
WRG,Wuring,SIKA,KSOP KELAS IV LAURENTIUS SAY/MAUMERE,Jl. R. E Marthadinata No. 7 Maumere - Nusa Tenggara Timur 86113
WRN,Waren,WAROPEN,KUPP KELAS III WAREN,Jl. Infres Waren Ureifaisei Waren Papua
WRS,Waisarisa,SERAM BAGIAN BARAT,KUPP KELAS III KAIRATU,Jl. Kompleks PT. IMJ; Waisarisa Maluku
WSA,Waisai,RAJA AMPAT,KUPP KELAS II RAJA AMPAT,Jl. Trikora No. 19 Saonek Kab. Raja Ampat Prov. Papua Barat
WSR,Wasior,TELUK WONDAMA,UPP KELAS III WASIOR,Jl. Kuri Pasai No. 1 Rt.1/Rw.1 Wasior Papua Barat 98362
WUR,Wulur,MALUKU BARAT DAYA,UPP KELAS III WONRELI,Jl. Pelabuhan Wonreli Maluku 97653
WUU,Watunohu,KOLAKA UTARA,UPP KELAS III KOLAKA,Jl. Dermaga No. 1; Kolaka Sultra 93512
WWN,Waiwadan,FLORES TIMUR,KUPP KELAS II LARANTUKA,Flores Timus-Nusa Tenggara Timur
WWR,Waiwuring,FLORES TIMUR,KUPP KELAS II LARANTUKA,Flores Timus-Nusa Tenggara Timur
WYA,Wayaua,HALMAHERA SELATAN,KUPP KELAS II LABUHA/BABANG,Jl.Pelabuhan No. 25 Desa Babang Kec. Bacan Timur 97791
WYB,Wayabula/Posi-Posi,PULAU MOROTAI,KUPP KELAS III DARUBA,Jl. Komp. Pelabuhan Imam Lastori Kab. Pulau Morotai Prov. Malut 97771
YAR,Selayar/Benteng/Rauf Rahman,KEPULAUAN SELAYAR,UPP KELAS III SELAYAR,Jl. Pelabuhan No. 1 anteng Selayar Sulsel 92812
YBA,Yaba,HALMAHERA SELATAN,KUPP KELAS II LABUHA/BABANG,Jl.Pelabuhan No. 25 Desa Babang Kec. Bacan Timur 97791
ZRI,Serui,KEPULAUAN YAPEN,KUPP KELAS II SERUI,Jl. Moh. Hatta No. 2 Serui Papua 98201
ZRM,Sarmi,SARMI,KUPP KELAS III SARMI,Jl. Brasilsdi No. 1 Sarmi Kota Papua 99373