nama_penjara,provinsi
LAPAS KELAS I BANDAR LAMPUNG,LAMPUNG
LAPAS KELAS I BATU HIGH RISK NARKOTIKA NUSAKAMBANGAN,JAWA TENGAH
LAPAS KELAS I CIPINANG,DKI JAKARTA
LAPAS KELAS I CIREBON,JAWA BARAT
LAPAS KELAS I MADIUN,JAWA TIMUR
LAPAS KELAS I MAKASSAR,SULAWESI SELATAN
LAPAS KELAS I MALANG,JAWA TIMUR
LAPAS KELAS I MEDAN,SUMATERA UTARA
LAPAS KELAS I PALEMBANG,SUMATERA SELATAN
LAPAS KELAS I SEMARANG,JAWA TENGAH
LAPAS KELAS I SUKAMISKIN,JAWA BARAT
LAPAS KELAS I SURABAYA,JAWA TIMUR
LAPAS KELAS I TANGERANG,BANTEN
LAPAS KELAS II A ABEPURA,PAPUA
LAPAS KELAS II A AMBARAWA,JAWA TENGAH
LAPAS KELAS II A AMBON,MALUKU
LAPAS KELAS II A BAGAN SIAPI-API,RIAU
LAPAS KELAS II A BALIKPAPAN,KALIMANTAN TIMUR
LAPAS KELAS II A BANCEUY BANDUNG,JAWA BARAT
LAPAS KELAS II A BANDA ACEH,ACEH
LAPAS KELAS II A BANGKINANG,RIAU
LAPAS KELAS II A BANJARMASIN,KALIMANTAN SELATAN
LAPAS KELAS II A BANYUASIN,SUMATERA SELATAN
LAPAS KELAS II A BANYUWANGI,JAWA TIMUR
LAPAS KELAS II A BATAM,KEPULAUAN RIAU
LAPAS KELAS II A BAUBAU,SULAWESI TENGGARA
LAPAS KELAS II A BEKASI,JAWA BARAT
LAPAS KELAS II A BENGKALIS,RIAU
LAPAS KELAS II A BENGKULU,BENGKULU
LAPAS KELAS II A BESI NUSAKAMBANGAN,JAWA TENGAH
LAPAS KELAS II A BINJAI,SUMATERA UTARA
LAPAS KELAS II A BOGOR,JAWA BARAT
LAPAS KELAS II A BOJONEGORO,JAWA TIMUR
LAPAS KELAS II A BONTANG,KALIMANTAN TIMUR
LAPAS KELAS II A BUKITTINGGI,SUMATERA BARAT
LAPAS KELAS II A BULUKUMBA,SULAWESI SELATAN
LAPAS KELAS II A CIBINONG,JAWA BARAT
LAPAS KELAS II A CIKARANG,JAWA BARAT
LAPAS KELAS II A CILEGON,BANTEN
LAPAS KELAS II A CURUP,BENGKULU
LAPAS KELAS II A GORONTALO,GORONTALO
LAPAS KELAS II A JAMBI,JAMBI
LAPAS KELAS II A JEMBER,JAWA TIMUR
LAPAS KELAS II A KALIANDA,LAMPUNG
LAPAS KELAS II A KARAWANG,JAWA BARAT
LAPAS KELAS II A KEDIRI,JAWA TIMUR
LAPAS KELAS II A KEMBANG KUNING NUSAKAMBANGAN,JAWA TENGAH
LAPAS KELAS II A KENDAL,JAWA TENGAH
LAPAS KELAS II A KENDARI,SULAWESI TENGGARA
LAPAS KELAS II A KEROBOKAN,BALI
LAPAS KELAS II A KOTABARU,KALIMANTAN SELATAN
LAPAS KELAS II A KOTABUMI,LAMPUNG
LAPAS KELAS II A KUNINGAN,JAWA BARAT
LAPAS KELAS II A KUPANG,NUSA TENGGARA TIMUR
LAPAS KELAS II A LABUHAN RUKU,SUMATERA UTARA
LAPAS KELAS II A LAHAT,SUMATERA SELATAN
LAPAS KELAS II A LHOK SEUMAWE,ACEH
LAPAS KELAS II A LUBUK LINGGAU,SUMATERA SELATAN
LAPAS KELAS II A MAGELANG,JAWA TENGAH
LAPAS KELAS II A MANADO,SULAWESI UTARA
LAPAS KELAS II A MATARAM,NUSA TENGGARA BARAT
LAPAS KELAS II A METRO,LAMPUNG
LAPAS KELAS II A PADANG,SUMATERA BARAT
LAPAS KELAS II A PALANGKARAYA,KALIMANTAN TENGAH
LAPAS KELAS II A PALOPO,SULAWESI SELATAN
LAPAS KELAS II A PALU,SULAWESI TENGAH
LAPAS KELAS II A PAMEKASAN,JAWA TIMUR
LAPAS KELAS II A PANCUR BATU,SUMATERA UTARA
LAPAS KELAS II A PANGKAL PINANG,BANGKA BELITUNG
LAPAS KELAS II A PARE-PARE,SULAWESI SELATAN
LAPAS KELAS II A PASIR PUTIH NUSAKAMBANGAN,JAWA TENGAH
LAPAS KELAS II A PEKALONGAN,JAWA TENGAH
LAPAS KELAS II A PEKANBARU,RIAU
LAPAS KELAS II A PEMATANG SIANTAR,SUMATERA UTARA
LAPAS KELAS II A PERMISAN NUSAKAMBANGAN,JAWA TENGAH
LAPAS KELAS II A PONTIANAK,KALIMANTAN BARAT
LAPAS KELAS II A PURWOKERTO,JAWA TENGAH
LAPAS KELAS II A RANTAU PRAPAT,SUMATERA UTARA
LAPAS KELAS II A SALEMBA,DKI JAKARTA
LAPAS KELAS II A SAMARINDA,KALIMANTAN TIMUR
LAPAS KELAS II A SERANG,BANTEN
LAPAS KELAS II A SIBOLGA,SUMATERA UTARA
LAPAS KELAS II A SIDOARJO,JAWA TIMUR
LAPAS KELAS II A SRAGEN,JAWA TENGAH
LAPAS KELAS II A SUBANG,JAWA BARAT
LAPAS KELAS II A SUMBAWA BESAR,NUSA TENGGARA BARAT
LAPAS KELAS II A TANGERANG,BANTEN
LAPAS KELAS II A TANJUNG PINANG,KEPULAUAN RIAU
LAPAS KELAS II A TANJUNG RAJA,SUMATERA SELATAN
LAPAS KELAS II A TARAKAN,KALIMANTAN TIMUR
LAPAS KELAS II A TEMBILAHAN,RIAU
LAPAS KELAS II A TENGGARONG,KALIMANTAN TIMUR
LAPAS KELAS II A TERNATE,MALUKU UTARA
LAPAS KELAS II A WAINGAPU,NUSA TENGGARA TIMUR
LAPAS KELAS II A WATAMPONE,SULAWESI SELATAN
LAPAS KELAS II A YOGYAKARTA,D.I. YOGYAKARTA
LAPAS KELAS II B AMPANA,SULAWESI TENGAH
LAPAS KELAS II B AMUNTAI,KALIMANTAN SELATAN
LAPAS KELAS II B ARGAMAKMUR,BENGKULU
LAPAS KELAS II B ATAMBUA,NUSA TENGGARA TIMUR
LAPAS KELAS II B BANGKO,JAMBI
LAPAS KELAS II B BANJAR,JAWA BARAT
LAPAS KELAS II B BANJAR BARU,KALIMANTAN SELATAN
LAPAS KELAS II B BIAK,PAPUA
LAPAS KELAS II B BIREUN,ACEH
LAPAS KELAS II B BITUNG,SULAWESI UTARA
LAPAS KELAS II B BLANGKEJEREN,ACEH
LAPAS KELAS II B BLANGPIDIE,ACEH
LAPAS KELAS II B BLITAR,JAWA TIMUR
LAPAS KELAS II B BOALEMO,GORONTALO
LAPAS KELAS II B BONDOWOSO,JAWA TIMUR
LAPAS KELAS II B BREBES,JAWA TENGAH
LAPAS KELAS II B CIAMIS,JAWA BARAT
LAPAS KELAS II B CIANJUR,JAWA BARAT
LAPAS KELAS II B CILACAP,JAWA TENGAH
LAPAS KELAS II B DOMPU,NUSA TENGGARA BARAT
LAPAS KELAS II B EMPAT LAWANG,SUMATERA SELATAN
LAPAS KELAS II B ENDE,NUSA TENGGARA TIMUR
LAPAS KELAS II B FAKFAK,PAPUA BARAT
LAPAS KELAS II B GARUT,JAWA BARAT
LAPAS KELAS II B GUNUNG SITOLI,SUMATERA UTARA
LAPAS KELAS II B GUNUNG SUGIH,LAMPUNG
LAPAS KELAS II B IDI,ACEH
LAPAS KELAS II B INDRAMAYU,JAWA BARAT
LAPAS KELAS II B JAILOLO,MALUKU UTARA
LAPAS KELAS II B JOMBANG,JAWA TIMUR
LAPAS KELAS II B KALABAHI,NUSA TENGGARA TIMUR
LAPAS KELAS II B KARANGASEM,BALI
LAPAS KELAS II B KAYU AGUNG,SUMATERA SELATAN
LAPAS KELAS II B KETAPANG,KALIMANTAN BARAT
LAPAS KELAS II B KLATEN,JAWA TENGAH
LAPAS KELAS II B KOTA AGUNG,LAMPUNG
LAPAS KELAS II B KOTA BAKTI,ACEH
LAPAS KELAS II B KUALA SIMPANG,ACEH
LAPAS KELAS II B KUALA TUNGKAL,JAMBI
LAPAS KELAS II B KUTACANE,ACEH
LAPAS KELAS II B LAMONGAN,JAWA TIMUR
LAPAS KELAS II B LANGSA,ACEH
LAPAS KELAS II B LHOKSUKON,ACEH
LAPAS KELAS II B LUBUK BASUNG,SUMATERA BARAT
LAPAS KELAS II B LUBUK PAKAM,SUMATERA UTARA
LAPAS KELAS II B LUMAJANG,JAWA TIMUR
LAPAS KELAS II B LUWUK,SULAWESI TENGAH
LAPAS KELAS II B MAJALENGKA,JAWA BARAT
LAPAS KELAS II B MANOKWARI,PAPUA BARAT
LAPAS KELAS II B MARTAPURA,SUMATERA SELATAN
LAPAS KELAS II B MERAUKE,PAPUA
LAPAS KELAS II B MEULABOH,ACEH
LAPAS KELAS II B MOJOKERTO,JAWA TIMUR
LAPAS KELAS II B MUARA BULIAN,JAMBI
LAPAS KELAS II B MUARA BUNGO,JAMBI
LAPAS KELAS II B MUARA DUA,SUMATERA SELATAN
LAPAS KELAS II B MUARA ENIM,SUMATERA SELATAN
LAPAS KELAS II B MUARA SIJUNJUNG,SUMATERA BARAT
LAPAS KELAS II B MUARA TEBO,JAMBI
LAPAS KELAS II B MUARA TEWEH,KALIMANTAN TENGAH
LAPAS KELAS II B NABIRE,PAPUA
LAPAS KELAS II B NGAWI,JAWA TIMUR
LAPAS KELAS II B NUNUKAN,KALIMANTAN TIMUR
LAPAS KELAS II B PADANG SIDEMPUAN,SUMATERA UTARA
LAPAS KELAS II B PAHUWATO,GORONTALO
LAPAS KELAS II B PANGKALAN BUN,KALIMANTAN TENGAH
LAPAS KELAS II B PANYABUNGAN,SUMATERA UTARA
LAPAS KELAS II B PARIAMAN,SUMATERA BARAT
LAPAS KELAS II B PASIR PANGARAYAN,RIAU
LAPAS KELAS II B PASURUAN,JAWA TIMUR
LAPAS KELAS II B PATI,JAWA TENGAH
LAPAS KELAS II B PAYAKUMBUH,SUMATERA BARAT
LAPAS KELAS II B PIRU,MALUKU
LAPAS KELAS II B POLEWALI,SULAWESI BARAT
LAPAS KELAS II B PROBOLINGGO,JAWA TIMUR
LAPAS KELAS II B PURWAKARTA,JAWA BARAT
LAPAS KELAS II B SAMPIT,KALIMANTAN TENGAH
LAPAS KELAS II B SANANA,MALUKU UTARA
LAPAS KELAS II B SAROLANGUN,JAMBI
LAPAS KELAS II B SEKAYU,SUMATERA SELATAN
LAPAS KELAS II B SELAT PANJANG,RIAU
LAPAS KELAS II B SELONG,NUSA TENGGARA BARAT
LAPAS KELAS II B SERUI,PAPUA
LAPAS KELAS II B SIBORONG-BORONG,SUMATERA UTARA
LAPAS KELAS II B SINGARAJA,BALI
LAPAS KELAS II B SINGKAWANG,KALIMANTAN BARAT
LAPAS KELAS II B SINTANG,KALIMANTAN BARAT
LAPAS KELAS II B SLAWI,JAWA TENGAH
LAPAS KELAS II B SLEMAN,D.I. YOGYAKARTA
LAPAS KELAS II B SOLOK,SUMATERA BARAT
LAPAS KELAS II B SORONG,PAPUA BARAT
LAPAS KELAS II B SUKABUMI,JAWA BARAT
LAPAS KELAS II B SUMEDANG,JAWA BARAT
LAPAS KELAS II B SUNGAI LIAT,BANGKA BELITUNG
LAPAS KELAS II B TABANAN,BALI
LAPAS KELAS II B TAHUNA,SULAWESI UTARA
LAPAS KELAS II B TAKALAR,SULAWESI SELATAN
LAPAS KELAS II B TANJUNG,KALIMANTAN SELATAN
LAPAS KELAS II B TANJUNG BALAI ASAHAN,SUMATERA UTARA
LAPAS KELAS II B TANJUNG PANDAN,BANGKA BELITUNG
LAPAS KELAS II B TASIKMALAYA,JAWA BARAT
LAPAS KELAS II B TEBING TINGGI DELI,SUMATERA UTARA
LAPAS KELAS II B TEGAL,JAWA TENGAH
LAPAS KELAS II B TELUK KUANTAN,RIAU
LAPAS KELAS II B TIMIKA,PAPUA
LAPAS KELAS II B TOBELLO,MALUKU UTARA
LAPAS KELAS II B TOLI-TOLI,SULAWESI TENGAH
LAPAS KELAS II B TONDANO,SULAWESI UTARA
LAPAS KELAS II B TUAL,MALUKU
LAPAS KELAS II B TUBAN,JAWA TIMUR
LAPAS KELAS II B TULUNGAGUNG,JAWA TIMUR
LAPAS KELAS II B ULU SIAU,SULAWESI UTARA
LAPAS KELAS II B WAIKABUBAK,NUSA TENGGARA TIMUR
LAPAS KELAS II B WAMENA,PAPUA
LAPAS KELAS II B WARUNG KIARA,JAWA BARAT
LAPAS KELAS II B WAYKANAN,LAMPUNG
LAPAS KELAS III ALAHAN PANJANG,SUMATERA BARAT
LAPAS KELAS III AMURANG,SULAWESI UTARA
LAPAS KELAS III ARJASA,JAWA TIMUR
LAPAS KELAS III BAA,NUSA TENGGARA TIMUR
LAPAS KELAS III BANDANAIRA,MALUKU
LAPAS KELAS III BARUS,SUMATERA UTARA
LAPAS KELAS III CALANG,ACEH
LAPAS KELAS III DABO SINGKEP,KEPULAUAN RIAU
LAPAS KELAS III DHARMASRAYA,SUMATERA BARAT
LAPAS KELAS III DOBO,MALUKU
LAPAS KELAS III ENEMAWIRA,SULAWESI UTARA
LAPAS KELAS III GESER,MALUKU
LAPAS KELAS III GUNUNG TUA,SUMATERA UTARA
LAPAS KELAS III KAIMANA,PAPUA BARAT
LAPAS KELAS III KOLONEDALE,SULAWESI TENGAH
LAPAS KELAS III KOTA PINANG,SUMATERA UTARA
LAPAS KELAS III KOTANOPAN,SUMATERA UTARA
LAPAS KELAS III LABUHA,MALUKU UTARA
LAPAS KELAS III LABUHAN BILIK,SUMATERA UTARA
LAPAS KELAS III LEMBATA,NUSA TENGGARA TIMUR
LAPAS KELAS III LEOK,SULAWESI TENGAH
LAPAS KELAS III LHOK NGA,ACEH
LAPAS KELAS III LIRUNG,SULAWESI UTARA
LAPAS KELAS III MAMASA,SULAWESI BARAT
LAPAS KELAS III NAMLEA,MALUKU
LAPAS KELAS III PAGAR ALAM,SUMATERA SELATAN
LAPAS KELAS III PANGURURAN,SUMATERA UTARA
LAPAS KELAS III PARIGI,SULAWESI TENGAH
LAPAS KELAS III RANGKASBITUNG,BANTEN
LAPAS KELAS III SAPARUA,MALUKU
LAPAS KELAS III SAROLANGUN RAWAS,SUMATERA SELATAN
LAPAS KELAS III SAUMLAKI,MALUKU
LAPAS KELAS III SINABANG,ACEH
LAPAS KELAS III SUKAMARA,KALIMANTAN TENGAH
LAPAS KELAS III SULIKI,SUMATERA BARAT
LAPAS KELAS III TAGULANDANG,SULAWESI UTARA
LAPAS KELAS III TALU,SUMATERA BARAT
LAPAS KELAS III TAMAKO,SULAWESI UTARA
LAPAS KELAS III TANAH MERAH,PAPUA
LAPAS KELAS III TELUK DALAM,SUMATERA UTARA
LAPAS KELAS III TEMINABUHAN,PAPUA BARAT
LAPAS KELAS III WAHAI,MALUKU
LAPAS KELAS III WONRELI,MALUKU,-
,LAPAS KHUSUS KELAS II A GUNUNG SINDUR,JAWA BARAT
LAPAS KHUSUS KELAS II A KARANGANYAR,JAWA TENGAH
LAPAS KHUSUS KELAS II B SENTUL,JAWA BARAT
LAPAS NARKOTIKA KELAS II A BANDAR LAMPUNG,LAMPUNG
LAPAS NARKOTIKA KELAS II A BANDUNG,JAWA BARAT
LAPAS NARKOTIKA KELAS II A BANGLI,BALI
LAPAS NARKOTIKA KELAS II A CIREBON,JAWA BARAT
LAPAS NARKOTIKA KELAS II A GUNUNG SINDUR,JAWA BARAT
LAPAS NARKOTIKA KELAS II A JAKARTA,DKI JAKARTA
LAPAS NARKOTIKA KELAS II A JAYAPURA,PAPUA
LAPAS NARKOTIKA KELAS II A KARANG INTAN,KALIMANTAN SELATAN
LAPAS NARKOTIKA KELAS II A KASONGAN,KALIMANTAN TENGAH
LAPAS NARKOTIKA KELAS II A LANGKAT,SUMATERA UTARA
LAPAS NARKOTIKA KELAS II A MUARA BELITI,SUMATERA SELATAN
LAPAS NARKOTIKA KELAS II A NUSAKAMBANGAN,JAWA TENGAH
LAPAS NARKOTIKA KELAS II A PAMEKASAN,JAWA TIMUR
LAPAS NARKOTIKA KELAS II A PANGKAL PINANG,BANGKA BELITUNG
LAPAS NARKOTIKA KELAS II A PEMATANG SIANTAR,SUMATERA UTARA
LAPAS NARKOTIKA KELAS II A SAMARINDA,KALIMANTAN TIMUR
LAPAS NARKOTIKA KELAS II A SUNGGUMINASA,SULAWESI SELATAN
LAPAS NARKOTIKA KELAS II A TANJUNG PINANG,KEPULAUAN RIAU
LAPAS NARKOTIKA KELAS II A YOGYAKARTA,D.I. YOGYAKARTA
LAPAS NARKOTIKA KELAS II B BANYUASIN,SUMATERA SELATAN
LAPAS NARKOTIKA KELAS II B LANGSA,ACEH
LAPAS NARKOTIKA KELAS II B MUARA SABAK,JAMBI
LAPAS NARKOTIKA KELAS II B PURWOKERTO,JAWA TENGAH
LAPAS NARKOTIKA KELAS II B RUMBAI,RIAU
LAPAS NARKOTIKA KELAS III SAWAHLUNTO,SUMATERA BARAT
LAPAS PEMUDA KELAS II A MADIUN,JAWA TIMUR
LAPAS PEMUDA KELAS II A TANGERANG,BANTEN
LAPAS PEMUDA KELAS II B PLANTUNGAN,JAWA TENGAH
LAPAS PEMUDA KELAS III LANGKAT,SUMATERA UTARA
LAPAS PEREMPUAN KELAS II A BANDAR LAMPUNG,LAMPUNG
LAPAS PEREMPUAN KELAS II A BANDUNG,JAWA BARAT
LAPAS PEREMPUAN KELAS II A DENPASAR,BALI
LAPAS PEREMPUAN KELAS II A JAKARTA,DKI JAKARTA
LAPAS PEREMPUAN KELAS II A MALANG,JAWA TIMUR
LAPAS PEREMPUAN KELAS II A MARTAPURA,KALIMANTAN SELATAN
LAPAS PEREMPUAN KELAS II A MEDAN,SUMATERA UTARA
LAPAS PEREMPUAN KELAS II A PALANGKARAYA,KALIMANTAN TENGAH
LAPAS PEREMPUAN KELAS II A PALEMBANG,SUMATERA SELATAN
LAPAS PEREMPUAN KELAS II A PEKANBARU,RIAU
LAPAS PEREMPUAN KELAS II A PONTIANAK,KALIMANTAN BARAT
LAPAS PEREMPUAN KELAS II A SAMARINDA,KALIMANTAN TIMUR
LAPAS PEREMPUAN KELAS II A SEMARANG,JAWA TENGAH
LAPAS PEREMPUAN KELAS II A SUNGGUMINASA,SULAWESI SELATAN
LAPAS PEREMPUAN KELAS II A TANGERANG,BANTEN
LAPAS PEREMPUAN KELAS II B BATAM,KEPULAUAN RIAU
LAPAS PEREMPUAN KELAS II B BENGKULU,BENGKULU
LAPAS PEREMPUAN KELAS II B JAMBI,JAMBI
LAPAS PEREMPUAN KELAS II B KUPANG,NUSA TENGGARA TIMUR
LAPAS PEREMPUAN KELAS II B MANADO,SULAWESI UTARA
LAPAS PEREMPUAN KELAS II B PADANG,SUMATERA BARAT
LAPAS PEREMPUAN KELAS II B SIGLI,ACEH
LAPAS PEREMPUAN KELAS II B YOGYAKARTA,D.I. YOGYAKARTA
LAPAS PEREMPUAN KELAS III AMBON,MALUKU
LAPAS PEREMPUAN KELAS III GORONTALO,GORONTALO
LAPAS PEREMPUAN KELAS III JAYAPURA,PAPUA
LAPAS PEREMPUAN KELAS III KENDARI,SULAWESI TENGGARA
LAPAS PEREMPUAN KELAS III MAMUJU,SULAWESI BARAT
LAPAS PEREMPUAN KELAS III MANOKWARI,PAPUA BARAT
LAPAS PEREMPUAN KELAS III MATARAM,NUSA TENGGARA BARAT
LAPAS PEREMPUAN KELAS III PALU,SULAWESI TENGAH
LAPAS PEREMPUAN KELAS III PANGKALPINANG,BANGKA BELITUNG
LAPAS PEREMPUAN KELAS III TERNATE,MALUKU UTARA
LAPAS TERBUKA KELAS II B CIANGIR,BANTEN
LAPAS TERBUKA KELAS II B KENDAL,JAWA TENGAH
LAPAS TERBUKA KELAS II B LOMBOK TENGAH,NUSA TENGGARA BARAT
LAPAS TERBUKA KELAS II B NUSAKAMBANGAN,JAWA TENGAH
LAPAS TERBUKA KELAS II B PASAMAN,SUMATERA BARAT
LAPAS TERBUKA KELAS II B WAIKABUBAK,NUSA TENGGARA TIMUR
LAPAS TERBUKA KELAS III RUMBAI,RIAU
LEMBAGA PEMBINAAN KHUSUS ANAK KELAS I BLITAR,JAWA TIMUR
LEMBAGA PEMBINAAN KHUSUS ANAK KELAS I KUPANG,NUSA TENGGARA TIMUR
LEMBAGA PEMBINAAN KHUSUS ANAK KELAS I KUTOARJO,JAWA TENGAH
LEMBAGA PEMBINAAN KHUSUS ANAK KELAS I MARTAPURA,KALIMANTAN SELATAN
LEMBAGA PEMBINAAN KHUSUS ANAK KELAS I MEDAN,SUMATERA UTARA
LEMBAGA PEMBINAAN KHUSUS ANAK KELAS I PALEMBANG,SUMATERA SELATAN
LEMBAGA PEMBINAAN KHUSUS ANAK KELAS I TANGERANG,BANTEN
LEMBAGA PEMBINAAN KHUSUS ANAK KELAS II AMBON,MALUKU
LEMBAGA PEMBINAAN KHUSUS ANAK KELAS II BANDA ACEH,ACEH
LEMBAGA PEMBINAAN KHUSUS ANAK KELAS II BANDAR LAMPUNG,LAMPUNG
LEMBAGA PEMBINAAN KHUSUS ANAK KELAS II BANDUNG,JAWA BARAT
LEMBAGA PEMBINAAN KHUSUS ANAK KELAS II BATAM,KEPULAUAN RIAU
LEMBAGA PEMBINAAN KHUSUS ANAK KELAS II BENGKULU,BENGKULU
LEMBAGA PEMBINAAN KHUSUS ANAK KELAS II GORONTALO,GORONTALO
LEMBAGA PEMBINAAN KHUSUS ANAK KELAS II JAKARTA,DKI JAKARTA
LEMBAGA PEMBINAAN KHUSUS ANAK KELAS II JAYAPURA,PAPUA
LEMBAGA PEMBINAAN KHUSUS ANAK KELAS II KARANGASEM,BALI
LEMBAGA PEMBINAAN KHUSUS ANAK KELAS II KENDARI,SULAWESI TENGGARA
LEMBAGA PEMBINAAN KHUSUS ANAK KELAS II LOMBOK TENGAH,NUSA TENGGARA BARAT
LEMBAGA PEMBINAAN KHUSUS ANAK KELAS II MAMUJU,SULAWESI BARAT
LEMBAGA PEMBINAAN KHUSUS ANAK KELAS II MANOKWARI,PAPUA BARAT
LEMBAGA PEMBINAAN KHUSUS ANAK KELAS II MAROS,SULAWESI SELATAN
LEMBAGA PEMBINAAN KHUSUS ANAK KELAS II MUARA BULIAN,JAMBI
LEMBAGA PEMBINAAN KHUSUS ANAK KELAS II PALANGKARAYA,KALIMANTAN TENGAH
LEMBAGA PEMBINAAN KHUSUS ANAK KELAS II PALU,SULAWESI TENGAH
LEMBAGA PEMBINAAN KHUSUS ANAK KELAS II PANGKALPINANG,BANGKA BELITUNG
LEMBAGA PEMBINAAN KHUSUS ANAK KELAS II PEKANBARU,RIAU
LEMBAGA PEMBINAAN KHUSUS ANAK KELAS II SAMARINDA,KALIMANTAN TIMUR
LEMBAGA PEMBINAAN KHUSUS ANAK KELAS II SUNGAI RAYA,KALIMANTAN BARAT
LEMBAGA PEMBINAAN KHUSUS ANAK KELAS II TANJUNG PATI,SUMATERA BARAT
LEMBAGA PEMBINAAN KHUSUS ANAK KELAS II TERNATE,MALUKU UTARA
LEMBAGA PEMBINAAN KHUSUS ANAK KELAS II TOMOHON,SULAWESI UTARA
LEMBAGA PEMBINAAN KHUSUS ANAK KELAS II YOGYAKARTA,D.I. YOGYAKARTA
RS PENGAYOMAN CIPINANG,DKI JAKARTA,,,,
RUTAN KELAS I BANDAR LAMPUNG,LAMPUNG
RUTAN KELAS I BANDUNG,JAWA BARAT
RUTAN KELAS I CIPINANG,DKI JAKARTA
RUTAN KELAS I CIREBON,JAWA BARAT
RUTAN KELAS I DEPOK,JAWA BARAT
RUTAN KELAS I JAKARTA PUSAT,DKI JAKARTA
RUTAN KELAS I LABUHAN DELI,SUMATERA UTARA
RUTAN KELAS I MAKASSAR,SULAWESI SELATAN
RUTAN KELAS I MEDAN,SUMATERA UTARA
RUTAN KELAS I PALEMBANG,SUMATERA SELATAN
RUTAN KELAS I PEKANBARU,RIAU
RUTAN KELAS I PONDOK BAMBU,DKI JAKARTA
RUTAN KELAS I SURABAYA,JAWA TIMUR
RUTAN KELAS I SURAKARTA,JAWA TENGAH
RUTAN KELAS I TANGERANG,BANTEN
RUTAN KELAS I TANJUNG PINANG,KEPULAUAN RIAU
RUTAN KELAS II A AMBON,MALUKU
RUTAN KELAS II A BATAM,KEPULAUAN RIAU
RUTAN KELAS II A KENDARI,SULAWESI TENGGARA
RUTAN KELAS II A MANADO,SULAWESI UTARA
RUTAN KELAS II A PALANGKARAYA,KALIMANTAN TENGAH
RUTAN KELAS II A PALU,SULAWESI TENGAH
RUTAN KELAS II A PEKALONGAN,JAWA TENGAH
RUTAN KELAS II A PONTIANAK,KALIMANTAN BARAT
RUTAN KELAS II A SAMARINDA,KALIMANTAN TIMUR
RUTAN KELAS II A YOGYAKARTA,D.I. YOGYAKARTA
RUTAN KELAS II B BAJAWA,NUSA TENGGARA TIMUR
RUTAN KELAS II B BALIGE,SUMATERA UTARA
RUTAN KELAS II B BALIKPAPAN,KALIMANTAN TIMUR
RUTAN KELAS II B BANDA ACEH,ACEH
RUTAN KELAS II B BANGIL,JAWA TIMUR
RUTAN KELAS II B BANGKALAN,JAWA TIMUR
RUTAN KELAS II B BANGLI,BALI
RUTAN KELAS II B BANJARNEGARA,JAWA TENGAH
RUTAN KELAS II B BANTAENG,SULAWESI SELATAN
RUTAN KELAS II B BANTUL,D.I. YOGYAKARTA
RUTAN KELAS II B BANYUMAS,JAWA TENGAH
RUTAN KELAS II B BARABAI,KALIMANTAN SELATAN
RUTAN KELAS II B BARRU,SULAWESI SELATAN
RUTAN KELAS II B BATANG,JAWA TENGAH
RUTAN KELAS II B BATURAJA,SUMATERA SELATAN
RUTAN KELAS II B BATUSANGKAR,SUMATERA BARAT
RUTAN KELAS II B BENER MERIAH,ACEH
RUTAN KELAS II B BENGKAYANG,KALIMANTAN BARAT
RUTAN KELAS II B BENGKULU,BENGKULU
RUTAN KELAS II B BINTUNI,PAPUA BARAT
RUTAN KELAS II B BLORA,JAWA TENGAH
RUTAN KELAS II B BOYOLALI,JAWA TENGAH
RUTAN KELAS II B BUNTOK,KALIMANTAN TENGAH
RUTAN KELAS II B DEMAK,JAWA TENGAH
RUTAN KELAS II B DONGGALA,SULAWESI TENGAH
RUTAN KELAS II B DUMAI,RIAU
RUTAN KELAS II B ENREKANG,SULAWESI SELATAN
RUTAN KELAS II B GARUT,JAWA BARAT
RUTAN KELAS II B GIANYAR,BALI
RUTAN KELAS II B GRESIK,JAWA TIMUR
RUTAN KELAS II B HUMBANG HASUNDUTAN,SUMATERA UTARA
RUTAN KELAS II B JANTHO,ACEH
RUTAN KELAS II B JENEPONTO,SULAWESI SELATAN
RUTAN KELAS II B JEPARA,JAWA TENGAH
RUTAN KELAS II B KABANJAHE,SUMATERA UTARA
RUTAN KELAS II B KANDANGAN,KALIMANTAN SELATAN
RUTAN KELAS II B KEBUMEN,JAWA TENGAH
RUTAN KELAS II B KEFAMENANU,NUSA TENGGARA TIMUR
RUTAN KELAS II B KLUNGKUNG,BALI
RUTAN KELAS II B KOLAKA,SULAWESI TENGGARA
RUTAN KELAS II B KOTA AGUNG,LAMPUNG
RUTAN KELAS II B KOTABUMI,LAMPUNG
RUTAN KELAS II B KOTAMOBAGU,SULAWESI UTARA
RUTAN KELAS II B KRAKSAAN,JAWA TIMUR
RUTAN KELAS II B KRUI,LAMPUNG
RUTAN KELAS II B KUALA KAPUAS,KALIMANTAN TENGAH
RUTAN KELAS II B KUDUS,JAWA TENGAH
RUTAN KELAS II B KUPANG,NUSA TENGGARA TIMUR
RUTAN KELAS II B LANDAK,KALIMANTAN BARAT
RUTAN KELAS II B LARANTUKA,NUSA TENGGARA TIMUR
RUTAN KELAS II B LUBUK SIKAPING,SUMATERA BARAT
RUTAN KELAS II B MAGETAN,JAWA TIMUR
RUTAN KELAS II B MAJENE,SULAWESI BARAT
RUTAN KELAS II B MAKALE,SULAWESI SELATAN
RUTAN KELAS II B MALINO,SULAWESI SELATAN
RUTAN KELAS II B MAMUJU,SULAWESI BARAT
RUTAN KELAS II B MANINJAU,SUMATERA BARAT
RUTAN KELAS II B MANNA,BENGKULU
RUTAN KELAS II B MARABAHAN,KALIMANTAN SELATAN
RUTAN KELAS II B MASAMBA,SULAWESI SELATAN
RUTAN KELAS II B MASOHI,MALUKU
RUTAN KELAS II B MAUMERE,NUSA TENGGARA TIMUR
RUTAN KELAS II B MEMPAWAH,KALIMANTAN BARAT
RUTAN KELAS II B MENGGALA,LAMPUNG
RUTAN KELAS II B MUARA LABUH,SUMATERA BARAT
RUTAN KELAS II B MUNTOK,BANGKA BELITUNG
RUTAN KELAS II B NATAL,SUMATERA UTARA
RUTAN KELAS II B NEGARA,BALI
RUTAN KELAS II B NGANJUK,JAWA TIMUR
RUTAN KELAS II B PACITAN,JAWA TIMUR
RUTAN KELAS II B PADANG,SUMATERA BARAT
RUTAN KELAS II B PADANG PANJANG,SUMATERA BARAT
RUTAN KELAS II B PAINAN,SUMATERA BARAT
RUTAN KELAS II B PANDEGLANG,BANTEN
RUTAN KELAS II B PANGKAJENE,SULAWESI SELATAN
RUTAN KELAS II B PANGKALAN BRANDAN,SUMATERA UTARA
RUTAN KELAS II B PASANGKAYU,SULAWESI BARAT
RUTAN KELAS II B PELAIHARI,KALIMANTAN SELATAN
RUTAN KELAS II B PEMALANG,JAWA TENGAH
RUTAN KELAS II B PINRANG,SULAWESI SELATAN
RUTAN KELAS II B PONOROGO,JAWA TIMUR
RUTAN KELAS II B POSO,SULAWESI TENGAH
RUTAN KELAS II B PRABUMULIH,SUMATERA SELATAN
RUTAN KELAS II B PRAYA,NUSA TENGGARA BARAT
RUTAN KELAS II B PURBALINGGA,JAWA TENGAH
RUTAN KELAS II B PURWODADI,JAWA TENGAH
RUTAN KELAS II B PURWOREJO,JAWA TENGAH
RUTAN KELAS II B PUTUSSIBAU,KALIMANTAN BARAT
RUTAN KELAS II B RABA BIMA,NUSA TENGGARA BARAT
RUTAN KELAS II B RAHA,SULAWESI TENGGARA
RUTAN KELAS II B RANTAU,KALIMANTAN SELATAN
RUTAN KELAS II B REMBANG,JAWA TENGAH
RUTAN KELAS II B RENGAT,RIAU
RUTAN KELAS II B RUTENG,NUSA TENGGARA TIMUR
RUTAN KELAS II B SABANG,ACEH
RUTAN KELAS II B SALATIGA,JAWA TENGAH
RUTAN KELAS II B SAMBAS,KALIMANTAN BARAT
RUTAN KELAS II B SAMPANG,JAWA TIMUR
RUTAN KELAS II B SANGGAU,KALIMANTAN BARAT
RUTAN KELAS II B SAWAHLUNTO,SUMATERA BARAT
RUTAN KELAS II B SELAYAR,SULAWESI SELATAN
RUTAN KELAS II B SENGKANG,SULAWESI SELATAN
RUTAN KELAS II B SERANG,BANTEN
RUTAN KELAS II B SIAK SRI INDRAPURA,RIAU
RUTAN KELAS II B SIBUHUAN,SUMATERA UTARA
RUTAN KELAS II B SIDENRENG RAPANG,SULAWESI SELATAN
RUTAN KELAS II B SIDIKALANG,SUMATERA UTARA
RUTAN KELAS II B SIGLI,ACEH
RUTAN KELAS II B SINGKEL,ACEH
RUTAN KELAS II B SINJAI,SULAWESI SELATAN
RUTAN KELAS II B SIPIROK,SUMATERA UTARA
RUTAN KELAS II B SITUBONDO,JAWA TIMUR
RUTAN KELAS II B SOA SIU,MALUKU UTARA
RUTAN KELAS II B SOE,NUSA TENGGARA TIMUR
RUTAN KELAS II B SUKADANA,LAMPUNG
RUTAN KELAS II B SUMENEP,JAWA TIMUR
RUTAN KELAS II B SUNGAI PENUH,JAMBI
RUTAN KELAS II B TAKENGON,ACEH
RUTAN KELAS II B TAMIANG LAYANG,KALIMANTAN TENGAH
RUTAN KELAS II B TANAH GROGOT,KALIMANTAN TIMUR
RUTAN KELAS II B TANJUNG,KALIMANTAN SELATAN
RUTAN KELAS II B TANJUNG BALAI KARIMUN,KEPULAUAN RIAU
RUTAN KELAS II B TANJUNG PURA,SUMATERA UTARA
RUTAN KELAS II B TANJUNG REDEB,KALIMANTAN TIMUR
RUTAN KELAS II B TAPAKTUAN,ACEH
RUTAN KELAS II B TARUTUNG,SUMATERA UTARA
RUTAN KELAS II B TEMANGGUNG,JAWA TENGAH
RUTAN KELAS II B TERNATE,MALUKU UTARA
RUTAN KELAS II B TRENGGALEK,JAWA TIMUR
RUTAN KELAS II B UNAAHA,SULAWESI TENGGARA
RUTAN KELAS II B WATANSOPPENG,SULAWESI SELATAN
RUTAN KELAS II B WATES,D.I. YOGYAKARTA
RUTAN KELAS II B WEDA,MALUKU UTARA
RUTAN KELAS II B WONOGIRI,JAWA TENGAH
RUTAN KELAS II B WONOSARI,D.I. YOGYAKARTA
RUTAN KELAS II B WONOSOBO,JAWA TENGAH
RUTAN PEREMPUAN KELAS II A BANDUNG,JAWA BARAT
RUTAN PEREMPUAN KELAS II A MEDAN,SUMATERA UTARA
RUTAN PEREMPUAN KELAS II A SURABAYA,JAWA TIMUR,