providerName,siteURL,imageURL,domain,estFoundingYear
Academy Lamudi,https://www.lamudi.co.id/academy/#prakerja,https://public-prakerja.oss-ap-southeast-5.aliyuncs.com/companies-logo/1yCbNaglamudi.png?v=3,lamudi.co.id,
Accelerice,http://www.accelerice.com/kartuprakerja,https://static-asset-cdn.prakerja.go.id/companies-logo/Accelerice.png?v=3,accelerice.com,2019-01-21
AJARSkills.com,https://www.ajarskills.com/pra-kerja.html,https://static-asset-cdn.prakerja.go.id/companies-logo/ajarskills.png?v=3,ajarskills.com,2020-02-21
Aleenahoz Beauty,https://aleenahozbeauty.id/,https://static-asset-cdn.prakerja.go.id/companies-logo/Aleenahoz_Beauty.png?v=3,aleenahozbeauty.id,
Alfabank,https://alfabankjogja.com/,https://static-asset-cdn.prakerja.go.id/companies-logo/Alfabank.png?v=3,alfabankjogja.com,2008-04-03
Altissia,https://ptindo.online/prakerja.html,https://static-asset-cdn.prakerja.go.id/companies-logo/altissia.png?v=3,ptindo.online,2018-08-05
AMANI RUMAH BELAJAR,http://www.kursusjahitbatam.com/kartuprakerja/,https://static-asset-cdn.prakerja.go.id/companies-logo/AMANI_RUMAH_BELAJAR.png?v=3,kursusjahitbatam.com,
AMIK JTC Semarang,https://amikjtc.com/kerjasamasekolahmu.php,https://static-asset-cdn.prakerja.go.id/companies-logo/amikjtc.png?v=3,amikjtc.com,2009-05-27
Andaf Talent (Digital Marketer),https://courses.andaf.co.id/prakerja/,https://static-asset-cdn.prakerja.go.id/companies-logo/Andaf_Talent_Digitalmarketer.png?v=3,courses.andaf.co.id,
Arkademi,https://arkademi.com/semua-kelas-prakerja/,https://static-asset-cdn.prakerja.go.id/companies-logo/Arkademi.png?v=3,arkademi.com,2017-09-01
Arsikei Consulting,https://arsikeiconsultingasia.com/?page_id=410,https://static-asset-cdn.prakerja.go.id/companies-logo/Arsikei_Consulting.png?v=3,arsikeiconsultingasia.com,
Baba Studio,https://academy.babastudio.com/prakerja,https://public-prakerja.oss-ap-southeast-5.aliyuncs.com/companies-logo/5Viqlmgbabastudio.png?v=3,academy.babastudio.com,
Badr Interactive/Founder+,https://founderplus.id/tentang-kartu-prakerja/,https://static-asset-cdn.prakerja.go.id/companies-logo/Badr_Interactive_Founder.png?v=3,founderplus.id,
Bahaso,https://blog.bahaso.com/bahaso-mendukung-kartu-pra-kerja-di-tahun-2021,https://static-asset-cdn.prakerja.go.id/companies-logo/bahaso.png?v=3,blog.bahaso.com,
Baking World,https://chef.bakingworld.id/home/prakerja,https://static-asset-cdn.prakerja.go.id/companies-logo/Baking_World.png?v=3,chef.bakingworld.id,
BBPLK Medan,https://bbplkmedan.kemnaker.go.id/,https://static-asset-cdn.prakerja.go.id/companies-logo/BBPLK_Medan.png?v=3,bbplkmedan.kemnaker.go.id,
Bebas Jam Kerja,https://bebasjamkerja.com/prakerja,https://static-asset-cdn.prakerja.go.id/companies-logo/bebasjamkerja.png?v=3,bebasjamkerja.com,2021-02-06
bedahbisnis.id,https://bedahbisnis.id/prakerja,https://public-prakerja.oss-ap-southeast-5.aliyuncs.com/companies-logo/-RYNRtUbedahbisnis.png?v=3,bedahbisnis.id,
Binus Center,https://binuscenter.com/prakerja/program-kartu-prakerja/,https://static-asset-cdn.prakerja.go.id/companies-logo/Binus_Center.png?v=3,binuscenter.com,2000-05-09
Bitlabs,https://bitlabs.id/prakerja,https://static-asset-cdn.prakerja.go.id/companies-logo/Bitlabs.png?v=3,bitlabs.id,
Bizlab,https://bizlab.co.id/kartu-prakerja/,https://static-asset-cdn.prakerja.go.id/companies-logo/bizlab.png?v=3,bizlab.co.id,
Buana Education and Learning Institute,http://ptmbc.co.id/,https://public-prakerja.oss-ap-southeast-5.aliyuncs.com/companies-logo/PFo3SSIlogo Buana - Partnership At MauBelajarApa.png?v=3,ptmbc.co.id,
Cakap,https://cakap.com/prakerja/,https://public-prakerja.oss-ap-southeast-5.aliyuncs.com/companies-logo/hC7EFwscakap.png?v=3,cakap.com,1999-07-26
Canny Class,https://cannyclass.com/,https://public-prakerja.oss-ap-southeast-5.aliyuncs.com/companies-logo/1GnKYJsLogo Canny Class - Frisca Sangap.jpeg?v=3,cannyclass.com,
Cariilmu,https://cariilmu.co.id/kelas-prakerja/,https://static-asset-cdn.prakerja.go.id/companies-logo/cariilmu.png?v=3,cariilmu.co.id,
Celebes International School,http://cis.co.id/prakerja/,https://static-asset-cdn.prakerja.go.id/companies-logo/Celebes_International_School.png?v=3,cis.co.id,
Citra Sarana Bahasa dan Informatika,https://www.csbibandung.com,https://static-asset-cdn.prakerja.go.id/companies-logo/Citra_Sarana_Bahasa_dan_Informatika.png?v=3,csbibandung.com,2021-07-13
Coenergie,http://asaacademy.id/prakerja/,https://static-asset-cdn.prakerja.go.id/companies-logo/Coenergie.png?v=3,asaacademy.id,
Commpassion,https://commpassion.id,https://static-asset-cdn.prakerja.go.id/companies-logo/Commpassion.png?v=3,commpassion.id,
Course-net,https://prakerja.course-net.com/,https://public-prakerja.oss-ap-southeast-5.aliyuncs.com/companies-logo/Te0nNIgcourse-net.png?v=3,prakerja.course-net.com,
CV ERA PRODUKSI JAYA,https://establishproductions.com/kartu-prakerja/,https://static-asset-cdn.prakerja.go.id/companies-logo/CV-ERA_PRODUKSI_JAYA.png?v=3,establishproductions.com,2021-06-27
Cyber Edu Inkor,https://inkor.id/kartu-prakerja/,https://static-asset-cdn.prakerja.go.id/companies-logo/Cyber-Edu-Inkor.png?v=3,inkor.id,
Dandan ID,https://www.dandan.id/prakerja/,https://static-asset-cdn.prakerja.go.id/companies-logo/dandanid.png?v=3,dandan.id,
Dapoer Animasi,http://dapoeranimasi.com/,https://static-asset-cdn.prakerja.go.id/companies-logo/Dapoer-Animasi.png?v=3,dapoeranimasi.com,2016-04-11
Darwis Triadi,http://www.darwistriadischoolofphotography.com/About-Prakerja.htm,https://static-asset-cdn.prakerja.go.id/companies-logo/Darwis_Triadi.png?v=3,darwistriadischoolofphotography.com,2004-12-28
Data Academy,https://dataacademy.co.id/prakerja/,https://static-asset-cdn.prakerja.go.id/companies-logo/Data_Academy.png?v=3,dataacademy.co.id,
Data Analitika Indonesia,https://dataanalitika.co.id,https://static-asset-cdn.prakerja.go.id/companies-logo/Data_Analitika_Indonesia.png?v=3,dataanalitika.co.id,
Dattabot,http://prakerja.dattabot.io/,https://public-prakerja.oss-ap-southeast-5.aliyuncs.com/companies-logo/wlwAD2wdattabot.png?v=3,prakerja.dattabot.io,
Daya Dimensi Indonesia,https://www.dayadimensi.co.id/,https://static-asset-cdn.prakerja.go.id/companies-logo/Daya_Dimensi_Indonesia.png?v=3,dayadimensi.co.id,
Devicourse.com,https://devicourse.com/,https://static-asset-cdn.prakerja.go.id/companies-logo/Devicourse.png?v=3,devicourse.com,2020-11-17
Dicoding,https://www.dicoding.com/kartuprakerja,https://static-asset-cdn.prakerja.go.id/companies-logo/Dicoding.png?v=3,dicoding.com,2014-08-25
Digital Marketist Indonesia,https://marketist.thinkific.com/pages/prakerja,https://static-asset-cdn.prakerja.go.id/companies-logo/Digital_Marketist_Indonesia.png?v=3,marketist.thinkific.com,
DQLab,https://www.dqlab.id/prakerja,https://static-asset-cdn.prakerja.go.id/companies-logo/DQLab.png?v=3,dqlab.id,
DynEd,http://dyned.co.id/courses/program-prakerja/,https://static-asset-cdn.prakerja.go.id/companies-logo/DynEd.png?v=3,dyned.co.id,
E-learning Pakar Otomotif,https://pakarotomotif.co.id,https://public-prakerja.oss-ap-southeast-5.aliyuncs.com/companies-logo/bB5AdjQLogo Edukasi Pakar Otomotif 10 KB.png?v=3,pakarotomotif.co.id,
English First,https://www.ef.co.id/englishfirst/adults/prakerja/,https://static-asset-cdn.prakerja.go.id/companies-logo/English_First.png?v=3,ef.co.id,
English for Business (E4B),https://www.e4b.asia/about-prakerja/,https://static-asset-cdn.prakerja.go.id/companies-logo/English_for_Business-(E4B).png?v=3,e4b.asia,2018-04-27
English Today,https://english-today-jakarta.com/id/kartu-prakerja-information/,https://static-asset-cdn.prakerja.go.id/companies-logo/English_Today.png?v=3,english-today-jakarta.com,2009-09-08
Equalita Learning Centre,https://equalitatrainingcentre.id/article/item/4,https://static-asset-cdn.prakerja.go.id/companies-logo/Equalita_Learning_Centre.png?v=3,equalitatrainingcentre.id,
Excellence.asia/EXCELLOKA,https://blog.excellence.asia/prakerja/,https://public-prakerja.oss-ap-southeast-5.aliyuncs.com/companies-logo/e2ol-48excellence-asia.png?v=3,blog.excellence.asia,
Finata,https://finata.id/prakerja/,https://static-asset-cdn.prakerja.go.id/companies-logo/finata.png?v=3,finata.id,
G-Trust Learning,https://gtrust.id/vokasi/,https://static-asset-cdn.prakerja.go.id/companies-logo/Gtrust.png?v=3,gtrust.id,
G2 Academy,https://www.g2academy.co/prakerja,https://static-asset-cdn.prakerja.go.id/companies-logo/G2_Academy.png?v=3,g2academy.co,2018-11-23
GameLab by Educa,https://www.gamelab.id/prakerja,https://static-asset-cdn.prakerja.go.id/companies-logo/GameLab_by_Educa.png?v=3,gamelab.id,
Global Edukasi Talenta Inkubator (GETI),https://geti.id/prakerja,https://static-asset-cdn.prakerja.go.id/companies-logo/Global_Edukasi_Talenta_Inkubator_(GETI).png?v=3,geti.id,
Graha Wisata Hotel School,https://grawis-smg.com/prakerja/,https://static-asset-cdn.prakerja.go.id/companies-logo/GrahaWisataHotelSchool.png?v=3,grawis-smg.com,2019-09-26
Gramedia Academy,https://gramediaacademy.com/prakerja,https://static-asset-cdn.prakerja.go.id/companies-logo/Gramedia_academy.png?v=3,gramediaacademy.com,2015-07-02
GreatEdu,https://greatedu.co.id/prakerja,https://static-asset-cdn.prakerja.go.id/companies-logo/GreatEdu.png?v=3,greatedu.co.id,
GRI-APAC,https://gri-apac.com/prakerja/,https://static-asset-cdn.prakerja.go.id/companies-logo/GRI-APAC.png?v=3,gri-apac.com,2016-12-10
Hacktiv8,https://hacktiv8.com/prakerja,https://static-asset-cdn.prakerja.go.id/companies-logo/Hacktiv8.png?v=3,hacktiv8.com,2016-03-02
Halo Coffee Lab,http://kursuskopi.com/works/kartu-prakerja-x-halo-coffee/,https://static-asset-cdn.prakerja.go.id/companies-logo/Halo_Coffee_Lab.png?v=3,kursuskopi.com,2020-10-30
HarukaEdu,https://pintaria.com/semua-kursus,https://public-prakerja.oss-ap-southeast-5.aliyuncs.com/companies-logo/c8jvq8oHaruka-edu.png?v=3,pintaria.com,2004-10-23
HelloMotion Academy,https://hellomotion.academy/home/prakerja,https://static-asset-cdn.prakerja.go.id/companies-logo/HelloMotion_Academy.png?v=3,hellomotion.academy,2019-08-06
Hi Colleagues,https://www.hicolleagues.com/kelas/prakerja,https://static-asset-cdn.prakerja.go.id/companies-logo/Hi_Colleagues.png?v=3,hicolleagues.com,
IHS - International Hotel Management School,https://ihs.ac.id/,https://static-asset-cdn.prakerja.go.id/companies-logo/IHS-InternationalHotelManagementSchool.png?v=3,ihs.ac.id,
ILS Academy,https://www.ils-academy.com/programprakerja,https://static-asset-cdn.prakerja.go.id/companies-logo/ILS_Academy.png?v=3,ils-academy.com,2017-07-23
Impact Byte,www.impactbyte.com,https://static-asset-cdn.prakerja.go.id/companies-logo/Impact_Byte.png?v=3,impactbyte.com,2017-07-13
Insight Out,https://www.imonmyway.id/kelas-prakerja,https://static-asset-cdn.prakerja.go.id/companies-logo/insight_out.png?v=3,imonmyway.id,
Inspirasi Indonesia & NLP Indonesia,www.inspirasiindonesia.com,https://static-asset-cdn.prakerja.go.id/companies-logo/Inspirasi_Indonesia___NLP_Indonesia.png?v=3,inspirasiindonesia.com,2005-09-07
International Design School (IDS),https://belajar.idseducation.com/help/,https://public-prakerja.oss-ap-southeast-5.aliyuncs.com/companies-logo/zALVO38ids.png?v=3,belajar.idseducation.com,
International Professional Center,https://ipi.ac.id/info-prakerja/,https://static-asset-cdn.prakerja.go.id/companies-logo/International_Professional_Center.png?v=3,ipi.ac.id,
ISS Jasa Fasilitas,https://sekolahvokasi.iss.co.id/pages/info-kartu-prakerja,https://static-asset-cdn.prakerja.go.id/companies-logo/ISS_Jasa_Fasilitas.png?v=3,sekolahvokasi.iss.co.id,
Jadi Pandai,https://jadipandai.com/catalog,https://static-asset-cdn.prakerja.go.id/companies-logo/jadi_pandai.png?v=3,jadipandai.com,2020-04-09
Jagobahasa,https://jagobahasa.com/,https://static-asset-cdn.prakerja.go.id/companies-logo/Jago_Bahasa.png?v=3,jagobahasa.com,2018-10-05
Jasa Foto Jakarta,http://jasafotojakarta.com/,https://static-asset-cdn.prakerja.go.id/companies-logo/Jasa_Foto_Jakarta.png?v=3,jasafotojakarta.com,2013-10-04
Javacom Academy,https://www.javacom.or.id/info-prakerja/,https://static-asset-cdn.prakerja.go.id/companies-logo/Javacom-Academy.png?v=3,javacom.or.id,
Jetschool Academy Indonesia,https://prakerja.jetschool.id/,https://static-asset-cdn.prakerja.go.id/companies-logo/Jetschool-Academy-Indonesia.png?v=3,prakerja.jetschool.id,
Kampus Guru Cikal,prakerja.kampusgurucikal.com,https://static-asset-cdn.prakerja.go.id/companies-logo/Kampus-Guru-Cikal.png?v=3,prakerja.kampusgurucikal.com,
Karier.mu,https://prakerja.karier.mu/,https://public-prakerja.oss-ap-southeast-5.aliyuncs.com/companies-logo/6VAo5XAkarirmu.png?v=3,prakerja.karier.mu,
Kaya Class,https://kayaclassid.wixsite.com/kaya,https://static-asset-cdn.prakerja.go.id/companies-logo/kayaclass.png?v=3,kayaclassid.wixsite.com,
Kelas Personalia Indonesia,https://kelaspersonalia.id/,https://static-asset-cdn.prakerja.go.id/companies-logo/Kelas-Personalia-Indonesia.png?v=3,kelaspersonalia.id,
Kelas.com,https://kelas.com/prakerja/catalog,https://public-prakerja.oss-ap-southeast-5.aliyuncs.com/companies-logo/vEiMRCskelascom.png?v=3,kelas.com,2003-12-30
Keluarga Kita,https://keluargakita.com/pra-kerja/,https://static-asset-cdn.prakerja.go.id/companies-logo/Keluarga-Kita.png?v=3,keluargakita.com,2015-03-17
Kita Juara by Zivanna Letisha,https://kitajuara.id/#program,https://static-asset-cdn.prakerja.go.id/companies-logo/Kita_Juara_by_Zivanna_Letisha.png?v=3,kitajuara.id,
Kita Kompeten,https://www.instagram.com/kita.kompeten/?hl=en,https://static-asset-cdn.prakerja.go.id/companies-logo/Kita_Kompeten.png?v=3,instagram.com,2004-06-04
Krealogi by Du Anyam,https://krealogi.com/ketentuan-program-pra-kerja-2021/,https://static-asset-cdn.prakerja.go.id/companies-logo/Krealogi_by_Du_Anyam.png?v=3,krealogi.com,2020-09-03
Kursus Menjahit 28 Jam,https://www.kursusmenjahit28jam.com/2021/07/30/belajar-menjahit-bersama-kursus-menjahit-28-jam/,https://static-asset-cdn.prakerja.go.id/companies-logo/Kursus_Menjahit_28_Jam.png?v=3,kursusmenjahit28jam.com,
L.A. Language Academy,https://kampungbahasajogja.net/pages/31/Kartu-Prakerja.html,https://static-asset-cdn.prakerja.go.id/companies-logo/L.A._Language_Academy.png?v=3,kampungbahasajogja.net,2019-10-08
Laboratorium Komputer Indonesia,https://labkomputerindonesia.com/kartuprakerja/,https://static-asset-cdn.prakerja.go.id/companies-logo/labkomputerindonesia.png?v=3,labkomputerindonesia.com,2020-11-12
Latifa Spa Academy,https://academylatifa.com/prakerja/,https://static-asset-cdn.prakerja.go.id/companies-logo/Latifa_Spa_Academy.png?v=3,academylatifa.com,
LEMBAGA PENDIDIKAN PRAWITA,https://prakerja.skillcourse.id/prakerja/,https://static-asset-cdn.prakerja.go.id/companies-logo/LEMBAGA_PENDIDIKAN_PRAWITA.png?v=3,prakerja.skillcourse.id,
Lestari Computer,http://lestaricomputer.co.id/prakerja,https://static-asset-cdn.prakerja.go.id/companies-logo/Lestari_Computer.png?v=3,lestaricomputer.co.id,
let's.bakencook,https://letsbakencook.com/prakerja/,https://public-prakerja.oss-ap-southeast-5.aliyuncs.com/companies-logo/-HxJF8Qbakencook.png?v=3,letsbakencook.com,2021-01-05
LIA,https://lblia.com/,https://public-prakerja.oss-ap-southeast-5.aliyuncs.com/companies-logo/t5ot-dMLogo LIA Biru png - Frisca Sangap.png?v=3,lblia.com,2016-07-04
Lingkaran,https://lingkaran.co/prakerja,https://static-asset-cdn.prakerja.go.id/companies-logo/Lingkaran.png?v=3,lingkaran.co,2014-06-19
LKP Bina Dharma,https://binadharmaschool.com/prakerja,https://static-asset-cdn.prakerja.go.id/companies-logo/LKP_Bina_Dharma.png?v=3,binadharmaschool.com,2020-04-16
LKP Bina Sipirok Jaya,http://www.lkpbsjsipirok.sch.id/,https://static-asset-cdn.prakerja.go.id/companies-logo/LKP_Bina_Sipirok_Jaya.png?v=3,lkpbsjsipirok.sch.id,
LKP Cakra,https://kursuscakra.com/mitra/,https://static-asset-cdn.prakerja.go.id/companies-logo/LKP_Cakra.png?v=3,kursuscakra.com,2020-09-23
LKP Learn English and Play,https://leapsurabaya.sch.id/,https://static-asset-cdn.prakerja.go.id/companies-logo/LKP_Learn_English_and_Play.png?v=3,leapsurabaya.sch.id,
LKP Madani,http://www.accesnet.sch.id/,https://static-asset-cdn.prakerja.go.id/companies-logo/LKP-Madani.png?v=3,accesnet.sch.id,
LKP Putra Perwira,https://lkpputraperwira.com/,https://static-asset-cdn.prakerja.go.id/companies-logo/LKPPutraPerwira.png?v=3,lkpputraperwira.com,2016-04-18
LKP Sinar Nusantara,http://www.sinarnusantarasemarang.com/kerjasamasekolahmu.php,https://static-asset-cdn.prakerja.go.id/companies-logo/LKPSinarNusantara.png?v=3,sinarnusantarasemarang.com,2013-06-24
LKP Smart Education Wajo,https://www.facebook.com/Lkpsmarteducationwajo,https://public-prakerja.oss-ap-southeast-5.aliyuncs.com/companies-logo/2-ZU_kMsmart-education-waju.png?v=3,facebook.com,1997-03-29
LPK BATAM PROFESIONAL,https://lpbpcourse.com/kartu-prakerja/,https://public-prakerja.oss-ap-southeast-5.aliyuncs.com/companies-logo/3yBXNyslpbpcourse.png?v=3,lpbpcourse.com,2020-10-20
LPK CIPTA KARYA INTELEKTUAL,https://kampuscki.com/home/tentang-prakerja,https://static-asset-cdn.prakerja.go.id/companies-logo/LPK_CIPTA_KARYA_INTELEKTUAL.png?v=3,kampuscki.com,2019-10-26
LPK Dian Nusantara,http://dinus-solo.ac.id/category/info-dinus/prakerja/,https://static-asset-cdn.prakerja.go.id/companies-logo/LPK_Dian_Nusantara.png?v=3,dinus-solo.ac.id,
LPK ELRO COMPUTER,https://elrocomputer.com/kartu-prakerja,https://static-asset-cdn.prakerja.go.id/companies-logo/LPK_ELRO_COMPUTER.png?v=3,elrocomputer.com,2020-04-27
LPK Indobank,https://www.indobanksekolahvokasi.id/kartu-prakerja/,https://static-asset-cdn.prakerja.go.id/companies-logo/LPK_Indobank.png?v=3,indobanksekolahvokasi.id,
LPK Kartika Sinar Persada,http://lpkkartikasp.id/artikel/prakerja---karier.mu-by-sekolah.mu,https://static-asset-cdn.prakerja.go.id/companies-logo/LPKKartikaSinarPersada.png?v=3,lpkkartikasp.id,
LPK Karya Jelita,https://karyajelita.com/prakerja/,https://static-asset-cdn.prakerja.go.id/companies-logo/LPK_Karya_Jelita.png?v=3,karyajelita.com,2017-08-19
LPK Merdika,https://merdikamadiun.com/kartu-prakerja/,https://static-asset-cdn.prakerja.go.id/companies-logo/lpkmerdika.png?v=3,merdikamadiun.com,2020-04-13
LPK Pembangunan,https://lpkpembangunan.sch.id/kartu_prakerja,https://static-asset-cdn.prakerja.go.id/companies-logo/LPK_Pembangunan.png?v=3,lpkpembangunan.sch.id,
LPK PUSAKA MULIA INSANI,https://edu-lpkpmi.com/program-prakerja/,https://static-asset-cdn.prakerja.go.id/companies-logo/LPK_PUSAKA_MULIA_INSANI.png?v=3,edu-lpkpmi.com,
LPK TIKOM,https://grouptikom.com/prakerja/,https://static-asset-cdn.prakerja.go.id/companies-logo/LPK_TIKOM.png?v=3,grouptikom.com,
LPK Wajo Intelektual Mandiri,https://www.lpkwim.com/-program-pelatihan-kartu-prakerja.html,https://static-asset-cdn.prakerja.go.id/companies-logo/LPK_Wajo_Intelektual_Mandiri.png?v=3,lpkwim.com,2021-06-16
LPKN MATARAM,http://www.lpkntrainingcenter.sch.id/prakerja/,https://static-asset-cdn.prakerja.go.id/companies-logo/LPKN-MATARAM.png?v=3,lpkntrainingcenter.sch.id,
LPKP ALBAR COLLEGE,https://albarcollege.com/tentang-prakerja/,https://static-asset-cdn.prakerja.go.id/companies-logo/LPKP-ALBAR-COLLEGE.png?v=3,albarcollege.com,2020-08-09
LPPK Wahana Tama,https://kursusmu.id/baca/tingkatkan-kompetensi-kerja-dengan-kartu-prakerja.html,https://static-asset-cdn.prakerja.go.id/companies-logo/LPPK_Wahana-Tama.png?v=3,kursusmu.id,
LSPR,lspr.edu/prakerja,https://static-asset-cdn.prakerja.go.id/companies-logo/LSPR.png?v=3,lspr.edu,
Luar Sekolah,www.luarsekolah.com/prakerja,https://static-asset-cdn.prakerja.go.id/companies-logo/Luar_Sekolah.png?v=3,luarsekolah.com,
MagnaQM,https://prakerja.magnaqm.com,https://static-asset-cdn.prakerja.go.id/companies-logo/MagnaQM.png?v=3,prakerja.magnaqm.com,
MAOBISA.ID,https://maobisa.id/,https://static-asset-cdn.prakerja.go.id/companies-logo/MAOBISA.png?v=3,maobisa.id,
Mastering Skill,https://www.masteringskill.com/pages/informasi-prakerja,https://static-asset-cdn.prakerja.go.id/companies-logo/Mastering_skills.png?v=3,masteringskill.com,2021-02-05
MDI Tack,https://trainingmarket.id/kartu-prakerja/,https://public-prakerja.oss-ap-southeast-5.aliyuncs.com/companies-logo/TXu6M5sMDI.png?v=3,trainingmarket.id,
MDI Tack Training,https://trainingmarket.id/kartu-prakerja/,https://static-asset-cdn.prakerja.go.id/companies-logo/MDITackTraining.png?v=3,trainingmarket.id,
Mobile English,http://www.jixanindoprimaconsulting.com/,https://static-asset-cdn.prakerja.go.id/companies-logo/MobileEnglish.png?v=3,jixanindoprimaconsulting.com,2020-07-08
MyEduSolve,https://myedusolvex.com/prakerja,https://public-prakerja.oss-ap-southeast-5.aliyuncs.com/companies-logo/awfqigkmyedusolve.png?v=3,myedusolvex.com,2020-04-06
Namsan Course,https://namsankoreancourse.com/kelas-untuk-kartu-prakerja/,https://static-asset-cdn.prakerja.go.id/companies-logo/Namsan_Course.png?v=3,namsankoreancourse.com,2012-12-23
NetCampus,https://netcampus.id/kartu-prakerja,https://static-asset-cdn.prakerja.go.id/companies-logo/NetCampus.png?v=3,netcampus.id,
NF Computer,https://www.nurulfikri.com/prakerja/,https://static-asset-cdn.prakerja.go.id/companies-logo/NF_Computer.png?v=3,nurulfikri.com,
Outward Bound Indonesia,https://course.outwardboundindo.org/about-prakerja/,https://static-asset-cdn.prakerja.go.id/companies-logo/Outward_Bound_Indonesia.png?v=3,course.outwardboundindo.org,
PAKAR,https://pakar.co.id/kelas/,https://static-asset-cdn.prakerja.go.id/companies-logo/Pakar.png?v=3,pakar.co.id,
Papindo Education Center,http://kartuprakerja.papindoonline.website/kartu-prakerja-bersama-lembaga-papindo/,https://static-asset-cdn.prakerja.go.id/companies-logo/Papindo_Education_Center.png?v=3,kartuprakerja.papindoonline.website,
Paradigm,http://www.paradigm.co.id,https://static-asset-cdn.prakerja.go.id/companies-logo/Paradigm.png?v=3,paradigm.co.id,
Partnerinc,http://partnerinc.id/,https://static-asset-cdn.prakerja.go.id/companies-logo/Partnerinc.png?v=3,partnerinc.id,
PETROTEKNO,https://www.petrotekno.co.id/photos/KartuPraKerja/PraKerja.html,https://static-asset-cdn.prakerja.go.id/companies-logo/PETROTEKNO.png?v=3,petrotekno.co.id,
Pijar Mahir,https://pijarmahir.id/kartuprakerja,https://public-prakerja.oss-ap-southeast-5.aliyuncs.com/companies-logo/nbZgrOkpijar-mahir.png?v=3,pijarmahir.id,
Politeknik Indonesia Internasional,https://politeknikindonesia.com/kelas-prakerja/,https://static-asset-cdn.prakerja.go.id/companies-logo/Politeknik_Indonesia_Internasional.png?v=3,politeknikindonesia.com,2015-02-25
Precena JAC Strategic Partners,https://precena.co.id/main/detail_news/precena-as-prakerja-partner,https://static-asset-cdn.prakerja.go.id/companies-logo/Precena_JAC_Strategic_Partners.png?v=3,precena.co.id,
PRICE Course,https://learning.pricecourse.com/prakerja/,https://public-prakerja.oss-ap-southeast-5.aliyuncs.com/companies-logo/q85TPScprice-course.png?v=3,learning.pricecourse.com,
Prince English solution,https://princeenglishsolution.com/course/prakerja,https://public-prakerja.oss-ap-southeast-5.aliyuncs.com/companies-logo/sIw4o0Iprince.png?v=3,princeenglishsolution.com,
PRO-DIGI,https://vtcprodigi.co.id/pelatihan-prakerja,https://static-asset-cdn.prakerja.go.id/companies-logo/PRO-DIGI.png?v=3,vtcprodigi.co.id,
PT Magenta Permata Jaya,https://magentajaya.com/kartu-prakerja/,https://static-asset-cdn.prakerja.go.id/companies-logo/PT_Magenta_Permata_Jaya.png?v=3,magentajaya.com,2018-12-07
PT Nawilis Waskita Lestari,https://www.nawilis.com/tag/prakerja/,https://static-asset-cdn.prakerja.go.id/companies-logo/PT_Nawilis_Waskita_Lestari.png?v=3,nawilis.com,2005-11-03
PT Solusi Properti Indonesia,http://www.solusi-properti.com/,https://static-asset-cdn.prakerja.go.id/companies-logo/PT_Solusi_Properti_Indonesia.png?v=3,solusi-properti.com,2012-12-17
PT Yureka Edukasi Cipta,https://www.yec.co.id/kartu-prakerja/,https://static-asset-cdn.prakerja.go.id/companies-logo/PT_Yureka_Edukasi_Cipta.png?v=3,yec.co.id,
Rudy Hadisuwarno School,https://rudyhadisuwarnoschool.id/prakerja,https://static-asset-cdn.prakerja.go.id/companies-logo/Rudy_Hadisuwarno_School.png?v=3,rudyhadisuwarnoschool.id,
Rumah Siap Kerja,https://rumahsiapkerja.com/prakerja,https://static-asset-cdn.prakerja.go.id/companies-logo/Rumah_Siap_Kerja.png?v=3,rumahsiapkerja.com,
SafeX,http://www.safex.id/prakerja/,https://static-asset-cdn.prakerja.go.id/companies-logo/SafeX.png?v=3,safex.id,
Scomptec Education,http://scomptec-learning.com/,https://public-prakerja.oss-ap-southeast-5.aliyuncs.com/companies-logo/dvVXtMklogo - Frisca Sangap.png?v=3,scomptec-learning.com,2012-05-28
Sekolah Desain ID,https://www.promo.sekolahdesain.id/prakerja,https://static-asset-cdn.prakerja.go.id/companies-logo/Sekolah_Desain.png?v=3,promo.sekolahdesain.id,
Sekolah Pintar,https://sekolahpintar.com/prakerja,https://static-asset-cdn.prakerja.go.id/companies-logo/Sekolah_Pintar.png?v=3,sekolahpintar.com,2014-06-30
Sekolah Vokasi IPB,https://sv.ipb.ac.id/,https://static-asset-cdn.prakerja.go.id/companies-logo/Sekolah_Vokasi_IPB.png?v=3,sv.ipb.ac.id,
Sertifikasiku,https://sertifikasiku.com/program-pra-kerja/,https://static-asset-cdn.prakerja.go.id/companies-logo/Sertifikasiku.png?v=3,sertifikasiku.com,
Skill Academy by Ruangguru,https://skillacademy.com/prakerja,https://public-prakerja.oss-ap-southeast-5.aliyuncs.com/companies-logo/dy7-MOUskillakademy-ruangguru.png?v=3,skillacademy.com,2010-05-25
SKILLS.ID,https://skills.id/prakerja,https://static-asset-cdn.prakerja.go.id/companies-logo/Skill.id.png?v=3,skills.id,
Skilvul,https://skilvul.com/bundles/prakerja-batch-3-belajar-coding-kilat-menggunakan-html-dan-css,https://static-asset-cdn.prakerja.go.id/companies-logo/Skilvul.png?v=3,skilvul.com,2019-06-04
Skydu Academy,https://skydu.academy/,https://static-asset-cdn.prakerja.go.id/companies-logo/SkyduAcademy.png?v=3,skydu.academy,2020-04-30
Solusi Academy,https://instagram.com/solusiacademy?igshid=18f5x36hemjgj,https://static-asset-cdn.prakerja.go.id/companies-logo/Solusi_Academy.png?v=3,instagram.com,2004-06-04
Soulfy,https://www.soulfy.com/prakerja.php,https://static-asset-cdn.prakerja.go.id/companies-logo/Soulfy.png?v=3,soulfy.com,2013-01-22
Speak Project,https://speakproject.id/prakerja/,https://static-asset-cdn.prakerja.go.id/companies-logo/Speak_Project.png?v=3,speakproject.id,
Speaklah,https://karyakarsa.com/speaklah,https://static-asset-cdn.prakerja.go.id/companies-logo/Speaklah.png?v=3,karyakarsa.com,2019-04-09
Step Ahead Batam,https://stepaheadbatam.com/,https://static-asset-cdn.prakerja.go.id/companies-logo/StepAheadBatam.png?v=3,stepaheadbatam.com,2020-04-09
Studilmu,https://pelatihanprakerja.studilmu.com,https://static-asset-cdn.prakerja.go.id/companies-logo/Studilmu.png?v=3,pelatihanprakerja.studilmu.com,
Tech In Asia Edu,https://prakerja.techinasia.com,https://static-asset-cdn.prakerja.go.id/companies-logo/Tech_In_Asia_Edu.png?v=3,prakerja.techinasia.com,
TechforID,https://kampus.techfor.id/info-prakerja,https://static-asset-cdn.prakerja.go.id/companies-logo/TechforID.png?v=3,kampus.techfor.id,
TECHNO FLASH,https://lpktechnoflash.com/artikel-kartu-prakerja/,https://public-prakerja.oss-ap-southeast-5.aliyuncs.com/companies-logo/Zqy1zGEtechno-flash.png?v=3,lpktechnoflash.com,
Tempo Institute,https://tempoinstitute.com/kartuprakerja,https://static-asset-cdn.prakerja.go.id/companies-logo/Tempo_Institute.png?v=3,tempoinstitute.com,2020-06-24
The Bencoolen Coffee,https://prakerja.bencoolencoffee.com/kartu-prakerja/,https://static-asset-cdn.prakerja.go.id/companies-logo/The_Bencoolen_Coffee.png?v=3,prakerja.bencoolencoffee.com,
The Global Institute,https://pelatihanbahasa.theglobalinstitute.co.id/,https://public-prakerja.oss-ap-southeast-5.aliyuncs.com/companies-logo/W8JDjZ0globalinstitute.png?v=3,pelatihanbahasa.theglobalinstitute.co.id,
Think Web,https://think.web.id/,https://static-asset-cdn.prakerja.go.id/companies-logo/Think_Web.png?v=3,think.web.id,
Toffee Dev,https://toffeeinstitute.com/prakerja/,https://static-asset-cdn.prakerja.go.id/companies-logo/Toffee_Dev.png?v=3,toffeeinstitute.com,2016-03-11
Total Quality Indonesia,http://www.totalquality.co.id/,https://static-asset-cdn.prakerja.go.id/companies-logo/Total_Quality_Indonesia.png?v=3,totalquality.co.id,
Vanaya,https://vanaya.co.id/prakerja/,https://static-asset-cdn.prakerja.go.id/companies-logo/Vanaya.png?v=3,vanaya.co.id,
Vision College (VICO),https://www.visioncollege.id/,https://public-prakerja.oss-ap-southeast-5.aliyuncs.com/companies-logo/DONzQ1ovision-collage.png?v=3,visioncollege.id,
Vokraf,https://vokraf.com/prakerja,https://static-asset-cdn.prakerja.go.id/companies-logo/Vokraf.png?v=3,vokraf.com,2019-08-28
Vosfoyer,https://vosfoyer.com/content-creator-kelas-prakerja-2021/,https://static-asset-cdn.prakerja.go.id/companies-logo/Vosfoyer.png?v=3,vosfoyer.com,2016-02-01
Widya Eduskill Indonesia,https://www.widyaeduskill.com/,https://static-asset-cdn.prakerja.go.id/companies-logo/WidyaEduskillIndonesia.png?v=3,widyaeduskill.com,2020-04-29
Wiratama Institute,https://training.wiratamainstitute.id/kartu-prakerja/,https://static-asset-cdn.prakerja.go.id/companies-logo/Wiratama_Institute.png?v=3,training.wiratamainstitute.id,
Xpertrainer,https://xpertrainer.com/prakerja/,https://static-asset-cdn.prakerja.go.id/companies-logo/Xpertrainer.png?v=3,xpertrainer.com,2018-12-26
Yayasan Pendidikan Permata,https://permata-school.com,https://public-prakerja.oss-ap-southeast-5.aliyuncs.com/companies-logo/J9ZdrN4YP Permata Logo-min.png?v=3,permata-school.com,2020-04-26
YP Fitri Al Baasitu,https://fitrialbaasitu.id/kelas_prakerja,https://static-asset-cdn.prakerja.go.id/companies-logo/YP_Fitri_Al_Baasitu.png?v=3,fitrialbaasitu.id,
Zenius Education,https://zenpro.id/prakerja,https://static-asset-cdn.prakerja.go.id/companies-logo/Zenius.png?v=3,zenpro.id,